start_at,symbol,period,open,high,low,close
1641340800,ETHUSD,1,3785.58,3789.27,3784.87,3789.27
1641340860,ETHUSD,1,3789.27,3789.27,3774.64,3775.71
1641340920,ETHUSD,1,3775.71,3777.48,3771.92,3772.26
1641340980,ETHUSD,1,3772.26,3779.87,3772.26,3777.41
1641341040,ETHUSD,1,3777.41,3777.41,3771.49,3771.76
1641341100,ETHUSD,1,3771.76,3776.03,3771.53,3771.55
1641341160,ETHUSD,1,3771.55,3772.7,3768.18,3769.99
1641341220,ETHUSD,1,3769.99,3777.56,3769.99,3777.53
1641341280,ETHUSD,1,3777.53,3781.25,3777.53,3779.47
1641341340,ETHUSD,1,3779.47,3782.95,3778.65,3781.61
1641341400,ETHUSD,1,3781.61,3781.85,3778.97,3781.13
1641341460,ETHUSD,1,3781.13,3788.88,3780.86,3788.55
1641341520,ETHUSD,1,3788.55,3792.72,3788.55,3789.62
1641341580,ETHUSD,1,3789.62,3789.64,3788.07,3789.62
1641341640,ETHUSD,1,3789.62,3792.46,3789.49,3790.81
1641341700,ETHUSD,1,3790.81,3793.15,3788.56,3792.96
1641341760,ETHUSD,1,3792.96,3796.53,3792.95,3795.22
1641341820,ETHUSD,1,3795.22,3795.64,3794.93,3795.22
1641341880,ETHUSD,1,3795.22,3795.68,3793.95,3795.29
1641341940,ETHUSD,1,3795.29,3796.83,3795.28,3796.13
1641342000,ETHUSD,1,3796.13,3796.13,3791.41,3792.83
1641342060,ETHUSD,1,3792.83,3794.68,3792.59,3794.01
1641342120,ETHUSD,1,3794.01,3797.01,3793.97,3794.92
1641342180,ETHUSD,1,3794.92,3796.48,3794.79,3796.45
1641342240,ETHUSD,1,3796.45,3797.36,3796.38,3796.85
1641342300,ETHUSD,1,3796.85,3796.92,3793.94,3794.0
1641342360,ETHUSD,1,3794.0,3794.29,3791.17,3791.4
1641342420,ETHUSD,1,3791.4,3792.79,3789.39,3789.39
1641342480,ETHUSD,1,3789.39,3790.66,3788.35,3789.67
1641342540,ETHUSD,1,3789.67,3791.31,3788.88,3791.31
1641342600,ETHUSD,1,3791.31,3795.16,3791.24,3795.16
1641342660,ETHUSD,1,3795.16,3798.97,3795.11,3798.74
1641342720,ETHUSD,1,3798.74,3804.01,3798.74,3804.01
1641342780,ETHUSD,1,3804.01,3804.78,3801.55,3802.53
1641342840,ETHUSD,1,3802.53,3802.53,3801.28,3801.28
1641342900,ETHUSD,1,3801.28,3805.58,3801.28,3804.63
1641342960,ETHUSD,1,3804.63,3804.91,3801.09,3801.1
1641343020,ETHUSD,1,3801.1,3802.68,3800.99,3802.38
1641343080,ETHUSD,1,3802.38,3802.4,3801.32,3802.02
1641343140,ETHUSD,1,3802.02,3803.36,3801.88,3802.52
1641343200,ETHUSD,1,3802.52,3802.73,3801.05,3802.13
1641343260,ETHUSD,1,3802.13,3802.16,3801.34,3801.49
1641343320,ETHUSD,1,3801.49,3801.58,3800.71,3800.86
1641343380,ETHUSD,1,3800.86,3801.5,3800.86,3801.08
1641343440,ETHUSD,1,3801.08,3801.93,3800.58,3800.86
1641343500,ETHUSD,1,3800.86,3804.26,3800.86,3803.28
1641343560,ETHUSD,1,3803.28,3805.88,3803.19,3804.59
1641343620,ETHUSD,1,3804.59,3805.12,3803.37,3803.57
1641343680,ETHUSD,1,3803.57,3804.35,3801.59,3801.81
1641343740,ETHUSD,1,3801.81,3802.54,3801.58,3802.51
1641343800,ETHUSD,1,3802.51,3802.65,3802.18,3802.25
1641343860,ETHUSD,1,3802.25,3802.78,3802.23,3802.29
1641343920,ETHUSD,1,3802.29,3802.3,3800.8,3800.9
1641343980,ETHUSD,1,3800.9,3801.97,3800.61,3801.9
1641344040,ETHUSD,1,3801.9,3802.47,3801.14,3801.2
1641344100,ETHUSD,1,3801.2,3806.69,3801.2,3806.69
1641344160,ETHUSD,1,3806.69,3810.62,3806.67,3809.07
1641344220,ETHUSD,1,3809.07,3809.55,3807.39,3807.39
1641344280,ETHUSD,1,3807.39,3811.55,3807.39,3811.09
1641344340,ETHUSD,1,3811.09,3811.63,3810.02,3810.15
1641344400,ETHUSD,1,3810.15,3810.31,3805.95,3806.0
1641344460,ETHUSD,1,3806.0,3807.02,3804.89,3806.12
1641344520,ETHUSD,1,3806.12,3808.63,3806.12,3807.23
1641344580,ETHUSD,1,3807.23,3807.23,3804.98,3805.24
1641344640,ETHUSD,1,3805.24,3807.94,3804.9,3807.29
1641344700,ETHUSD,1,3807.29,3807.29,3805.12,3805.96
1641344760,ETHUSD,1,3805.96,3807.33,3805.96,3806.61
1641344820,ETHUSD,1,3806.61,3807.74,3804.64,3807.36
1641344880,ETHUSD,1,3807.36,3808.39,3807.36,3808.35
1641344940,ETHUSD,1,3808.35,3808.39,3806.15,3806.65
1641345000,ETHUSD,1,3806.65,3806.74,3802.55,3803.53
1641345060,ETHUSD,1,3803.53,3803.98,3802.69,3803.13
1641345120,ETHUSD,1,3803.13,3804.37,3801.79,3803.21
1641345180,ETHUSD,1,3803.21,3805.97,3803.09,3805.71
1641345240,ETHUSD,1,3805.71,3806.65,3805.18,3806.31
1641345300,ETHUSD,1,3806.31,3806.76,3803.84,3806.54
1641345360,ETHUSD,1,3806.54,3807.72,3806.54,3806.98
1641345420,ETHUSD,1,3806.98,3806.98,3805.02,3806.41
1641345480,ETHUSD,1,3806.41,3806.47,3805.53,3806.3
1641345540,ETHUSD,1,3806.3,3807.75,3806.3,3807.75
1641345600,ETHUSD,1,3807.75,3807.97,3806.28,3807.07
1641345660,ETHUSD,1,3807.07,3807.78,3806.48,3807.76
1641345720,ETHUSD,1,3807.76,3808.02,3806.87,3807.64
1641345780,ETHUSD,1,3807.64,3808.29,3807.64,3808.03
1641345840,ETHUSD,1,3808.03,3808.2,3808.0,3808.06
1641345900,ETHUSD,1,3808.06,3808.06,3804.58,3804.58
1641345960,ETHUSD,1,3804.58,3804.9,3802.07,3802.09
1641346020,ETHUSD,1,3802.09,3803.08,3801.38,3802.34
1641346080,ETHUSD,1,3802.34,3804.04,3802.34,3803.33
1641346140,ETHUSD,1,3803.33,3805.19,3802.49,3804.09
1641346200,ETHUSD,1,3804.09,3805.41,3803.86,3805.1
1641346260,ETHUSD,1,3805.1,3805.1,3802.57,3803.57
1641346320,ETHUSD,1,3803.57,3803.57,3800.65,3800.88
1641346380,ETHUSD,1,3800.88,3801.56,3799.5,3799.5
1641346440,ETHUSD,1,3799.5,3800.15,3798.68,3799.4
1641346500,ETHUSD,1,3799.4,3799.71,3797.6,3798.1
1641346560,ETHUSD,1,3798.1,3798.1,3796.93,3796.95
1641346620,ETHUSD,1,3796.95,3797.1,3794.89,3795.29
1641346680,ETHUSD,1,3795.29,3796.48,3795.29,3796.38
1641346740,ETHUSD,1,3796.38,3799.22,3796.36,3798.73
1641346800,ETHUSD,1,3798.73,3799.26,3798.27,3798.36
1641346860,ETHUSD,1,3798.36,3798.88,3797.83,3798.64
1641346920,ETHUSD,1,3798.64,3800.9,3798.05,3800.9
1641346980,ETHUSD,1,3800.9,3801.16,3800.43,3800.72
1641347040,ETHUSD,1,3800.72,3803.07,3800.72,3802.69
1641347100,ETHUSD,1,3802.69,3802.69,3802.0,3802.27
1641347160,ETHUSD,1,3802.27,3802.53,3799.93,3799.93
1641347220,ETHUSD,1,3799.93,3800.2,3799.31,3799.31
1641347280,ETHUSD,1,3799.31,3799.69,3794.82,3794.93
1641347340,ETHUSD,1,3794.93,3794.93,3792.83,3794.15
1641347400,ETHUSD,1,3794.15,3795.53,3793.64,3795.02
1641347460,ETHUSD,1,3795.02,3795.56,3794.26,3795.23
1641347520,ETHUSD,1,3795.23,3799.75,3795.07,3799.23
1641347580,ETHUSD,1,3799.23,3800.02,3798.37,3799.83
1641347640,ETHUSD,1,3799.83,3800.68,3799.78,3800.39
1641347700,ETHUSD,1,3800.39,3800.39,3799.42,3799.45
1641347760,ETHUSD,1,3799.45,3799.45,3796.09,3796.19
1641347820,ETHUSD,1,3796.19,3796.5,3795.33,3795.7
1641347880,ETHUSD,1,3795.7,3796.43,3795.52,3795.53
1641347940,ETHUSD,1,3795.53,3795.53,3793.42,3793.59
1641348000,ETHUSD,1,3793.59,3799.21,3793.57,3797.58
1641348060,ETHUSD,1,3797.58,3798.72,3796.06,3796.16
1641348120,ETHUSD,1,3796.16,3797.41,3795.75,3797.4
1641348180,ETHUSD,1,3797.4,3799.03,3796.76,3798.69
1641348240,ETHUSD,1,3798.69,3798.71,3795.97,3796.8
1641348300,ETHUSD,1,3796.8,3799.71,3795.97,3799.68
1641348360,ETHUSD,1,3799.68,3799.83,3798.61,3798.85
1641348420,ETHUSD,1,3798.85,3799.29,3797.67,3797.72
1641348480,ETHUSD,1,3797.72,3797.72,3796.19,3796.64
1641348540,ETHUSD,1,3796.64,3796.93,3795.72,3796.07
1641348600,ETHUSD,1,3796.07,3796.73,3795.79,3796.71
1641348660,ETHUSD,1,3796.71,3796.98,3796.17,3796.41
1641348720,ETHUSD,1,3796.41,3797.5,3796.03,3796.44
1641348780,ETHUSD,1,3796.44,3796.67,3795.68,3796.06
1641348840,ETHUSD,1,3796.06,3799.49,3794.8,3798.9
1641348900,ETHUSD,1,3798.9,3800.48,3798.45,3800.16
1641348960,ETHUSD,1,3800.16,3801.35,3800.16,3800.94
1641349020,ETHUSD,1,3800.94,3802.99,3800.71,3802.99
1641349080,ETHUSD,1,3802.99,3804.06,3801.51,3804.06
1641349140,ETHUSD,1,3804.06,3807.22,3802.62,3802.65
1641349200,ETHUSD,1,3802.65,3803.77,3802.61,3803.45
1641349260,ETHUSD,1,3803.45,3803.45,3801.38,3801.66
1641349320,ETHUSD,1,3801.66,3802.87,3801.43,3802.41
1641349380,ETHUSD,1,3802.41,3802.41,3800.96,3801.05
1641349440,ETHUSD,1,3801.05,3801.7,3800.59,3800.97
1641349500,ETHUSD,1,3800.97,3801.3,3796.72,3796.86
1641349560,ETHUSD,1,3796.86,3797.64,3796.63,3797.03
1641349620,ETHUSD,1,3797.03,3798.55,3796.97,3798.02
1641349680,ETHUSD,1,3798.02,3798.66,3797.7,3798.23
1641349740,ETHUSD,1,3798.23,3799.21,3797.61,3797.75
1641349800,ETHUSD,1,3797.75,3799.39,3796.92,3797.88
1641349860,ETHUSD,1,3797.88,3799.21,3797.68,3799.21
1641349920,ETHUSD,1,3799.21,3801.31,3799.18,3801.03
1641349980,ETHUSD,1,3801.03,3801.08,3800.03,3800.22
1641350040,ETHUSD,1,3800.22,3800.53,3799.47,3800.27
1641350100,ETHUSD,1,3800.27,3800.61,3799.96,3800.21
1641350160,ETHUSD,1,3800.21,3800.5,3799.68,3800.06
1641350220,ETHUSD,1,3800.06,3801.07,3799.3,3800.13
1641350280,ETHUSD,1,3800.13,3802.09,3800.13,3801.59
1641350340,ETHUSD,1,3801.59,3803.39,3801.12,3803.36
1641350400,ETHUSD,1,3803.36,3804.12,3802.7,3804.12
1641350460,ETHUSD,1,3804.12,3806.0,3803.55,3805.59
1641350520,ETHUSD,1,3805.59,3806.29,3805.34,3805.43
1641350580,ETHUSD,1,3805.43,3806.11,3805.13,3805.13
1641350640,ETHUSD,1,3805.13,3806.38,3805.0,3806.19
1641350700,ETHUSD,1,3806.19,3807.02,3806.19,3807.01
1641350760,ETHUSD,1,3807.01,3807.11,3805.89,3806.09
1641350820,ETHUSD,1,3806.09,3806.38,3804.82,3805.78
1641350880,ETHUSD,1,3805.78,3806.09,3805.51,3805.82
1641350940,ETHUSD,1,3805.82,3805.82,3804.45,3805.59
1641351000,ETHUSD,1,3805.59,3805.7,3804.64,3805.23
1641351060,ETHUSD,1,3805.23,3805.23,3803.35,3803.68
1641351120,ETHUSD,1,3803.68,3804.09,3803.25,3804.05
1641351180,ETHUSD,1,3804.05,3804.14,3803.82,3804.03
1641351240,ETHUSD,1,3804.03,3804.04,3803.0,3803.64
1641351300,ETHUSD,1,3803.64,3804.44,3802.96,3804.22
1641351360,ETHUSD,1,3804.22,3804.38,3803.01,3803.01
1641351420,ETHUSD,1,3803.01,3803.49,3801.84,3802.02
1641351480,ETHUSD,1,3802.02,3802.07,3801.7,3801.86
1641351540,ETHUSD,1,3801.86,3803.03,3801.86,3802.15
1641351600,ETHUSD,1,3802.15,3803.86,3802.15,3803.86
1641351660,ETHUSD,1,3803.86,3805.33,3803.81,3804.93
1641351720,ETHUSD,1,3804.93,3805.42,3804.73,3804.88
1641351780,ETHUSD,1,3804.88,3806.33,3804.53,3806.19
1641351840,ETHUSD,1,3806.19,3807.05,3805.05,3805.09
1641351900,ETHUSD,1,3805.09,3805.87,3804.88,3805.51
1641351960,ETHUSD,1,3805.51,3805.68,3804.84,3805.55
1641352020,ETHUSD,1,3805.55,3806.98,3805.18,3806.97
1641352080,ETHUSD,1,3806.97,3807.6,3806.39,3807.3
1641352140,ETHUSD,1,3807.3,3807.81,3807.2,3807.41
1641352200,ETHUSD,1,3807.41,3813.56,3806.61,3813.08
1641352260,ETHUSD,1,3813.08,3814.03,3810.62,3811.88
1641352320,ETHUSD,1,3811.88,3813.49,3811.1,3813.05
1641352380,ETHUSD,1,3813.05,3813.45,3811.79,3813.03
1641352440,ETHUSD,1,3813.03,3814.51,3813.03,3813.87
1641352500,ETHUSD,1,3813.87,3822.38,3813.44,3821.47
1641352560,ETHUSD,1,3821.47,3823.84,3821.44,3823.82
1641352620,ETHUSD,1,3823.82,3825.92,3823.46,3823.65
1641352680,ETHUSD,1,3823.65,3824.4,3821.85,3823.33
1641352740,ETHUSD,1,3823.33,3824.16,3819.4,3820.38
1641352800,ETHUSD,1,3820.38,3820.38,3818.4,3820.09
1641352860,ETHUSD,1,3820.09,3820.37,3819.46,3820.21
1641352920,ETHUSD,1,3820.21,3820.32,3819.38,3819.71
1641352980,ETHUSD,1,3819.71,3819.81,3819.16,3819.38
1641353040,ETHUSD,1,3819.38,3819.79,3818.82,3818.97
1641353100,ETHUSD,1,3818.97,3819.52,3816.66,3816.66
1641353160,ETHUSD,1,3816.66,3817.2,3815.83,3816.83
1641353220,ETHUSD,1,3816.83,3816.83,3815.2,3815.5
1641353280,ETHUSD,1,3815.5,3815.75,3814.6,3814.6
1641353340,ETHUSD,1,3814.6,3815.1,3813.51,3814.8
1641353400,ETHUSD,1,3814.8,3815.09,3813.89,3813.96
1641353460,ETHUSD,1,3813.96,3814.93,3813.77,3813.79
1641353520,ETHUSD,1,3813.79,3813.8,3813.04,3813.61
1641353580,ETHUSD,1,3813.61,3813.61,3812.19,3813.07
1641353640,ETHUSD,1,3813.07,3813.07,3812.05,3812.68
1641353700,ETHUSD,1,3812.68,3812.68,3812.32,3812.33
1641353760,ETHUSD,1,3812.33,3813.03,3810.51,3810.99
1641353820,ETHUSD,1,3810.99,3812.54,3810.99,3811.87
1641353880,ETHUSD,1,3811.87,3812.49,3811.4,3811.42
1641353940,ETHUSD,1,3811.42,3812.31,3811.01,3811.01
1641354000,ETHUSD,1,3811.01,3811.4,3810.49,3811.05
1641354060,ETHUSD,1,3811.05,3811.08,3809.96,3810.61
1641354120,ETHUSD,1,3810.61,3811.36,3810.56,3811.33
1641354180,ETHUSD,1,3811.33,3811.97,3811.31,3811.56
1641354240,ETHUSD,1,3811.56,3812.1,3811.31,3811.72
1641354300,ETHUSD,1,3811.72,3811.86,3811.2,3811.2
1641354360,ETHUSD,1,3811.2,3811.2,3810.9,3811.08
1641354420,ETHUSD,1,3811.08,3812.14,3810.81,3811.93
1641354480,ETHUSD,1,3811.93,3813.34,3811.93,3813.07
1641354540,ETHUSD,1,3813.07,3813.37,3812.64,3813.36
1641354600,ETHUSD,1,3813.36,3815.35,3813.36,3815.25
1641354660,ETHUSD,1,3815.25,3815.32,3814.63,3814.79
1641354720,ETHUSD,1,3814.79,3815.13,3812.79,3813.1
1641354780,ETHUSD,1,3813.1,3813.57,3812.6,3812.6
1641354840,ETHUSD,1,3812.6,3813.49,3812.56,3813.37
1641354900,ETHUSD,1,3813.37,3813.38,3812.78,3813.07
1641354960,ETHUSD,1,3813.07,3813.07,3812.51,3812.91
1641355020,ETHUSD,1,3812.91,3812.91,3811.23,3811.24
1641355080,ETHUSD,1,3811.24,3811.24,3809.0,3809.31
1641355140,ETHUSD,1,3809.31,3810.63,3809.31,3809.6
1641355200,ETHUSD,1,3809.6,3810.08,3808.6,3808.71
1641355260,ETHUSD,1,3808.71,3808.71,3805.13,3805.89
1641355320,ETHUSD,1,3805.89,3806.07,3804.61,3805.89
1641355380,ETHUSD,1,3805.89,3805.94,3805.34,3805.43
1641355440,ETHUSD,1,3805.43,3806.2,3805.42,3805.86
1641355500,ETHUSD,1,3805.86,3805.87,3805.33,3805.76
1641355560,ETHUSD,1,3805.76,3805.77,3804.14,3804.36
1641355620,ETHUSD,1,3804.36,3804.73,3803.35,3804.73
1641355680,ETHUSD,1,3804.73,3806.54,3804.73,3806.27
1641355740,ETHUSD,1,3806.27,3807.83,3806.22,3807.68
1641355800,ETHUSD,1,3807.68,3808.31,3807.51,3808.19
1641355860,ETHUSD,1,3808.19,3808.33,3807.73,3808.14
1641355920,ETHUSD,1,3808.14,3809.82,3807.94,3809.82
1641355980,ETHUSD,1,3809.82,3812.15,3809.8,3811.71
1641356040,ETHUSD,1,3811.71,3812.65,3811.43,3812.42
1641356100,ETHUSD,1,3812.42,3812.77,3811.19,3811.93
1641356160,ETHUSD,1,3811.93,3813.96,3811.55,3813.54
1641356220,ETHUSD,1,3813.54,3813.63,3810.91,3812.02
1641356280,ETHUSD,1,3812.02,3813.19,3812.02,3812.66
1641356340,ETHUSD,1,3812.66,3813.42,3811.77,3811.77
1641356400,ETHUSD,1,3811.77,3813.67,3811.77,3813.13
1641356460,ETHUSD,1,3813.13,3813.83,3812.47,3812.77
1641356520,ETHUSD,1,3812.77,3814.67,3812.77,3814.67
1641356580,ETHUSD,1,3814.67,3815.13,3813.98,3814.66
1641356640,ETHUSD,1,3814.66,3814.66,3813.09,3813.9
1641356700,ETHUSD,1,3813.9,3813.96,3812.5,3813.71
1641356760,ETHUSD,1,3813.71,3813.72,3811.89,3812.77
1641356820,ETHUSD,1,3812.77,3813.49,3812.28,3812.78
1641356880,ETHUSD,1,3812.78,3813.27,3811.83,3812.96
1641356940,ETHUSD,1,3812.96,3814.72,3811.92,3814.56
1641357000,ETHUSD,1,3814.56,3814.71,3814.0,3814.05
1641357060,ETHUSD,1,3814.05,3814.96,3814.05,3814.51
1641357120,ETHUSD,1,3814.51,3814.51,3812.97,3813.17
1641357180,ETHUSD,1,3813.17,3813.4,3812.63,3812.71
1641357240,ETHUSD,1,3812.71,3812.72,3810.73,3811.15
1641357300,ETHUSD,1,3811.15,3811.15,3808.98,3809.02
1641357360,ETHUSD,1,3809.02,3809.02,3806.52,3807.17
1641357420,ETHUSD,1,3807.17,3807.37,3806.34,3806.58
1641357480,ETHUSD,1,3806.58,3807.75,3806.58,3806.87
1641357540,ETHUSD,1,3806.87,3807.49,3806.43,3807.49
1641357600,ETHUSD,1,3807.49,3808.81,3807.42,3808.16
1641357660,ETHUSD,1,3808.16,3809.68,3808.01,3808.91
1641357720,ETHUSD,1,3808.91,3809.06,3808.56,3809.02
1641357780,ETHUSD,1,3809.02,3809.04,3807.97,3808.04
1641357840,ETHUSD,1,3808.04,3809.25,3807.55,3807.79
1641357900,ETHUSD,1,3807.79,3807.79,3805.87,3806.0
1641357960,ETHUSD,1,3806.0,3806.0,3805.67,3805.69
1641358020,ETHUSD,1,3805.69,3807.55,3805.69,3806.65
1641358080,ETHUSD,1,3806.65,3808.92,3806.48,3808.85
1641358140,ETHUSD,1,3808.85,3811.23,3808.8,3811.23
1641358200,ETHUSD,1,3811.23,3814.02,3810.87,3813.35
1641358260,ETHUSD,1,3813.35,3813.97,3812.7,3812.99
1641358320,ETHUSD,1,3812.99,3813.32,3810.36,3810.58
1641358380,ETHUSD,1,3810.58,3810.96,3809.83,3809.83
1641358440,ETHUSD,1,3809.83,3810.23,3809.64,3810.07
1641358500,ETHUSD,1,3810.07,3810.11,3808.0,3808.19
1641358560,ETHUSD,1,3808.19,3808.78,3807.26,3807.26
1641358620,ETHUSD,1,3807.26,3807.56,3805.71,3806.85
1641358680,ETHUSD,1,3806.85,3807.3,3805.94,3806.34
1641358740,ETHUSD,1,3806.34,3809.69,3806.19,3809.55
1641358800,ETHUSD,1,3809.55,3809.67,3807.85,3808.42
1641358860,ETHUSD,1,3808.42,3808.52,3807.93,3808.19
1641358920,ETHUSD,1,3808.19,3808.65,3806.57,3806.69
1641358980,ETHUSD,1,3806.69,3807.28,3805.06,3805.59
1641359040,ETHUSD,1,3805.59,3805.88,3805.02,3805.23
1641359100,ETHUSD,1,3805.23,3805.45,3804.36,3805.14
1641359160,ETHUSD,1,3805.14,3805.65,3804.64,3804.68
1641359220,ETHUSD,1,3804.68,3804.69,3803.5,3803.99
1641359280,ETHUSD,1,3803.99,3804.76,3803.56,3804.7
1641359340,ETHUSD,1,3804.7,3805.11,3803.74,3804.8
1641359400,ETHUSD,1,3804.8,3805.15,3803.64,3804.17
1641359460,ETHUSD,1,3804.17,3804.63,3803.63,3804.6
1641359520,ETHUSD,1,3804.6,3804.62,3803.16,3803.91
1641359580,ETHUSD,1,3803.91,3803.91,3802.13,3802.13
1641359640,ETHUSD,1,3802.13,3803.25,3801.94,3802.27
1641359700,ETHUSD,1,3802.27,3802.27,3799.52,3801.1
1641359760,ETHUSD,1,3801.1,3803.26,3800.67,3803.18
1641359820,ETHUSD,1,3803.18,3804.16,3803.09,3804.07
1641359880,ETHUSD,1,3804.07,3804.97,3803.39,3804.03
1641359940,ETHUSD,1,3804.03,3804.4,3801.94,3802.27
1641360000,ETHUSD,1,3802.27,3803.15,3801.78,3802.1
1641360060,ETHUSD,1,3802.1,3803.09,3801.82,3802.81
1641360120,ETHUSD,1,3802.81,3803.43,3802.63,3803.43
1641360180,ETHUSD,1,3803.43,3803.43,3801.78,3802.48
1641360240,ETHUSD,1,3802.48,3803.65,3802.48,3803.63
1641360300,ETHUSD,1,3803.63,3805.88,3803.63,3805.82
1641360360,ETHUSD,1,3805.82,3806.53,3805.54,3806.39
1641360420,ETHUSD,1,3806.39,3806.56,3805.3,3806.07
1641360480,ETHUSD,1,3806.07,3806.48,3805.98,3805.98
1641360540,ETHUSD,1,3805.98,3806.42,3805.27,3805.99
1641360600,ETHUSD,1,3805.99,3806.53,3805.53,3805.92
1641360660,ETHUSD,1,3805.92,3806.49,3803.72,3804.1
1641360720,ETHUSD,1,3804.1,3805.94,3804.1,3805.14
1641360780,ETHUSD,1,3805.14,3805.14,3802.43,3802.43
1641360840,ETHUSD,1,3802.43,3803.16,3802.43,3802.68
1641360900,ETHUSD,1,3802.68,3803.44,3801.52,3801.9
1641360960,ETHUSD,1,3801.9,3802.42,3801.35,3801.87
1641361020,ETHUSD,1,3801.87,3802.12,3800.94,3801.07
1641361080,ETHUSD,1,3801.07,3801.1,3798.32,3799.1
1641361140,ETHUSD,1,3799.1,3799.79,3798.59,3799.78
1641361200,ETHUSD,1,3799.78,3800.0,3799.55,3799.95
1641361260,ETHUSD,1,3799.95,3800.05,3799.19,3799.19
1641361320,ETHUSD,1,3799.19,3799.58,3799.19,3799.37
1641361380,ETHUSD,1,3799.37,3800.19,3799.32,3800.0
1641361440,ETHUSD,1,3800.0,3800.15,3799.59,3799.71
1641361500,ETHUSD,1,3799.71,3800.32,3799.04,3799.94
1641361560,ETHUSD,1,3799.94,3800.54,3799.9,3800.54
1641361620,ETHUSD,1,3800.54,3801.28,3800.43,3801.09
1641361680,ETHUSD,1,3801.09,3803.39,3801.06,3803.27
1641361740,ETHUSD,1,3803.27,3803.27,3802.37,3803.18
1641361800,ETHUSD,1,3803.18,3803.45,3802.71,3802.83
1641361860,ETHUSD,1,3802.83,3803.01,3801.94,3803.01
1641361920,ETHUSD,1,3803.01,3803.2,3802.36,3803.04
1641361980,ETHUSD,1,3803.04,3804.32,3802.67,3803.82
1641362040,ETHUSD,1,3803.82,3803.95,3803.53,3803.86
1641362100,ETHUSD,1,3803.86,3805.22,3803.7,3805.22
1641362160,ETHUSD,1,3805.22,3806.74,3805.17,3806.57
1641362220,ETHUSD,1,3806.57,3806.92,3805.61,3805.64
1641362280,ETHUSD,1,3805.64,3805.79,3805.0,3805.12
1641362340,ETHUSD,1,3805.12,3805.67,3804.13,3804.47
1641362400,ETHUSD,1,3804.47,3804.47,3802.73,3804.33
1641362460,ETHUSD,1,3804.33,3804.33,3802.25,3802.26
1641362520,ETHUSD,1,3802.26,3802.62,3802.26,3802.35
1641362580,ETHUSD,1,3802.35,3802.6,3801.75,3801.89
1641362640,ETHUSD,1,3801.89,3802.04,3800.51,3801.39
1641362700,ETHUSD,1,3801.39,3802.2,3801.16,3801.74
1641362760,ETHUSD,1,3801.74,3802.44,3801.61,3802.36
1641362820,ETHUSD,1,3802.36,3803.29,3802.36,3802.45
1641362880,ETHUSD,1,3802.45,3805.07,3802.33,3805.07
1641362940,ETHUSD,1,3805.07,3806.56,3805.07,3806.08
1641363000,ETHUSD,1,3806.08,3808.5,3806.08,3808.48
1641363060,ETHUSD,1,3808.48,3811.36,3808.2,3810.61
1641363120,ETHUSD,1,3810.61,3813.28,3810.45,3813.16
1641363180,ETHUSD,1,3813.16,3814.7,3813.16,3814.4
1641363240,ETHUSD,1,3814.4,3814.72,3814.39,3814.69
1641363300,ETHUSD,1,3814.69,3816.99,3814.52,3816.71
1641363360,ETHUSD,1,3816.71,3819.98,3816.41,3819.98
1641363420,ETHUSD,1,3819.98,3820.03,3816.95,3817.07
1641363480,ETHUSD,1,3817.07,3817.09,3813.25,3813.31
1641363540,ETHUSD,1,3813.31,3815.48,3813.23,3814.44
1641363600,ETHUSD,1,3814.44,3815.05,3813.26,3813.26
1641363660,ETHUSD,1,3813.26,3814.01,3812.92,3812.92
1641363720,ETHUSD,1,3812.92,3813.52,3812.69,3813.23
1641363780,ETHUSD,1,3813.23,3813.88,3813.18,3813.8
1641363840,ETHUSD,1,3813.8,3815.38,3813.78,3815.36
1641363900,ETHUSD,1,3815.36,3815.71,3814.06,3814.53
1641363960,ETHUSD,1,3814.53,3814.63,3814.24,3814.37
1641364020,ETHUSD,1,3814.37,3814.37,3813.76,3813.93
1641364080,ETHUSD,1,3813.93,3813.93,3811.87,3812.23
1641364140,ETHUSD,1,3812.23,3812.89,3812.13,3812.35
1641364200,ETHUSD,1,3812.35,3814.7,3812.34,3814.7
1641364260,ETHUSD,1,3814.7,3815.01,3814.13,3814.13
1641364320,ETHUSD,1,3814.13,3814.25,3812.3,3813.31
1641364380,ETHUSD,1,3813.31,3813.72,3812.97,3812.97
1641364440,ETHUSD,1,3812.97,3813.74,3812.84,3813.67
1641364500,ETHUSD,1,3813.67,3815.5,3813.01,3815.25
1641364560,ETHUSD,1,3815.25,3817.56,3815.07,3817.56
1641364620,ETHUSD,1,3817.56,3819.1,3817.42,3818.43
1641364680,ETHUSD,1,3818.43,3819.24,3817.46,3817.77
1641364740,ETHUSD,1,3817.77,3818.02,3816.9,3817.97
1641364800,ETHUSD,1,3817.97,3817.97,3817.12,3817.44
1641364860,ETHUSD,1,3817.44,3817.51,3814.19,3814.19
1641364920,ETHUSD,1,3814.19,3814.4,3813.23,3813.45
1641364980,ETHUSD,1,3813.45,3814.93,3813.45,3814.4
1641365040,ETHUSD,1,3814.4,3814.93,3813.95,3814.93
1641365100,ETHUSD,1,3814.93,3815.73,3813.93,3815.42
1641365160,ETHUSD,1,3815.42,3815.97,3814.85,3815.35
1641365220,ETHUSD,1,3815.35,3816.05,3814.95,3816.05
1641365280,ETHUSD,1,3816.05,3818.16,3815.42,3817.98
1641365340,ETHUSD,1,3817.98,3819.46,3817.4,3819.19
1641365400,ETHUSD,1,3819.19,3820.23,3818.8,3819.13
1641365460,ETHUSD,1,3819.13,3819.13,3818.01,3818.25
1641365520,ETHUSD,1,3818.25,3818.75,3818.24,3818.37
1641365580,ETHUSD,1,3818.37,3820.85,3818.11,3819.92
1641365640,ETHUSD,1,3819.92,3821.37,3819.92,3820.59
1641365700,ETHUSD,1,3820.59,3821.3,3820.12,3820.53
1641365760,ETHUSD,1,3820.53,3821.11,3819.93,3820.82
1641365820,ETHUSD,1,3820.82,3821.16,3818.76,3818.91
1641365880,ETHUSD,1,3818.91,3819.98,3818.91,3819.97
1641365940,ETHUSD,1,3819.97,3820.0,3819.5,3819.61
1641366000,ETHUSD,1,3819.61,3820.16,3818.61,3818.61
1641366060,ETHUSD,1,3818.61,3818.73,3818.36,3818.54
1641366120,ETHUSD,1,3818.54,3818.63,3817.38,3817.38
1641366180,ETHUSD,1,3817.38,3818.11,3816.05,3816.16
1641366240,ETHUSD,1,3816.16,3816.16,3814.71,3814.86
1641366300,ETHUSD,1,3814.86,3815.13,3814.2,3815.13
1641366360,ETHUSD,1,3815.13,3815.5,3814.16,3814.8
1641366420,ETHUSD,1,3814.8,3816.3,3814.79,3815.84
1641366480,ETHUSD,1,3815.84,3816.47,3815.01,3815.98
1641366540,ETHUSD,1,3815.98,3818.07,3815.96,3817.76
1641366600,ETHUSD,1,3817.76,3819.46,3817.52,3819.46
1641366660,ETHUSD,1,3819.46,3820.45,3819.43,3819.56
1641366720,ETHUSD,1,3819.56,3820.06,3819.26,3820.01
1641366780,ETHUSD,1,3820.01,3821.14,3820.01,3820.94
1641366840,ETHUSD,1,3820.94,3821.61,3820.45,3821.03
1641366900,ETHUSD,1,3821.03,3821.59,3820.16,3820.21
1641366960,ETHUSD,1,3820.21,3820.21,3817.9,3818.38
1641367020,ETHUSD,1,3818.38,3818.81,3818.13,3818.45
1641367080,ETHUSD,1,3818.45,3820.02,3818.31,3819.31
1641367140,ETHUSD,1,3819.31,3820.27,3819.31,3820.13
1641367200,ETHUSD,1,3820.13,3820.25,3819.67,3819.83
1641367260,ETHUSD,1,3819.83,3820.2,3818.25,3818.73
1641367320,ETHUSD,1,3818.73,3818.83,3818.05,3818.15
1641367380,ETHUSD,1,3818.15,3818.15,3817.33,3817.51
1641367440,ETHUSD,1,3817.51,3817.66,3816.99,3817.48
1641367500,ETHUSD,1,3817.48,3817.48,3816.04,3816.04
1641367560,ETHUSD,1,3816.04,3816.04,3814.01,3815.17
1641367620,ETHUSD,1,3815.17,3816.08,3814.66,3815.32
1641367680,ETHUSD,1,3815.32,3815.89,3814.54,3815.37
1641367740,ETHUSD,1,3815.37,3817.08,3815.35,3816.97
1641367800,ETHUSD,1,3816.97,3818.15,3816.9,3818.12
1641367860,ETHUSD,1,3818.12,3818.44,3817.14,3817.16
1641367920,ETHUSD,1,3817.16,3817.2,3814.2,3814.81
1641367980,ETHUSD,1,3814.81,3814.89,3813.03,3813.69
1641368040,ETHUSD,1,3813.69,3813.91,3813.05,3813.52
1641368100,ETHUSD,1,3813.52,3815.32,3813.08,3815.23
1641368160,ETHUSD,1,3815.23,3815.3,3813.5,3815.3
1641368220,ETHUSD,1,3815.3,3815.3,3813.77,3814.08
1641368280,ETHUSD,1,3814.08,3814.39,3812.08,3812.78
1641368340,ETHUSD,1,3812.78,3812.81,3811.76,3811.98
1641368400,ETHUSD,1,3811.98,3812.42,3811.28,3812.33
1641368460,ETHUSD,1,3812.33,3812.33,3811.4,3811.56
1641368520,ETHUSD,1,3811.56,3811.77,3811.28,3811.38
1641368580,ETHUSD,1,3811.38,3812.12,3811.34,3812.12
1641368640,ETHUSD,1,3812.12,3813.11,3812.12,3812.35
1641368700,ETHUSD,1,3812.35,3813.27,3812.22,3812.79
1641368760,ETHUSD,1,3812.79,3817.03,3812.79,3816.86
1641368820,ETHUSD,1,3816.86,3817.0,3816.31,3816.82
1641368880,ETHUSD,1,3816.82,3816.98,3815.9,3815.96
1641368940,ETHUSD,1,3815.96,3816.43,3815.18,3815.3
1641369000,ETHUSD,1,3815.3,3817.48,3815.3,3817.02
1641369060,ETHUSD,1,3817.02,3817.03,3815.79,3815.9
1641369120,ETHUSD,1,3815.9,3815.9,3814.73,3814.85
1641369180,ETHUSD,1,3814.85,3814.85,3813.78,3813.79
1641369240,ETHUSD,1,3813.79,3814.92,3813.79,3814.48
1641369300,ETHUSD,1,3814.48,3814.94,3813.82,3814.36
1641369360,ETHUSD,1,3814.36,3815.07,3814.27,3814.52
1641369420,ETHUSD,1,3814.52,3815.51,3814.47,3814.95
1641369480,ETHUSD,1,3814.95,3815.6,3814.86,3815.21
1641369540,ETHUSD,1,3815.21,3815.71,3814.88,3815.71
1641369600,ETHUSD,1,3815.71,3817.69,3815.71,3817.3
1641369660,ETHUSD,1,3817.3,3817.61,3814.04,3814.05
1641369720,ETHUSD,1,3814.05,3814.39,3812.65,3813.12
1641369780,ETHUSD,1,3813.12,3813.12,3809.58,3810.21
1641369840,ETHUSD,1,3810.21,3810.21,3808.89,3808.91
1641369900,ETHUSD,1,3808.91,3809.02,3807.41,3808.16
1641369960,ETHUSD,1,3808.16,3808.88,3808.04,3808.23
1641370020,ETHUSD,1,3808.23,3808.27,3804.64,3804.64
1641370080,ETHUSD,1,3804.64,3807.81,3804.32,3807.81
1641370140,ETHUSD,1,3807.81,3807.84,3805.65,3806.82
1641370200,ETHUSD,1,3806.82,3807.61,3806.13,3806.26
1641370260,ETHUSD,1,3806.26,3809.39,3806.26,3806.85
1641370320,ETHUSD,1,3806.85,3807.34,3805.21,3805.66
1641370380,ETHUSD,1,3805.66,3805.74,3804.79,3805.72
1641370440,ETHUSD,1,3805.72,3805.98,3804.84,3805.43
1641370500,ETHUSD,1,3805.43,3806.94,3805.4,3806.78
1641370560,ETHUSD,1,3806.78,3809.19,3806.4,3808.24
1641370620,ETHUSD,1,3808.24,3808.68,3808.06,3808.06
1641370680,ETHUSD,1,3808.06,3808.68,3806.42,3807.47
1641370740,ETHUSD,1,3807.47,3808.55,3807.29,3807.49
1641370800,ETHUSD,1,3807.49,3807.55,3806.97,3807.19
1641370860,ETHUSD,1,3807.19,3807.73,3807.16,3807.4
1641370920,ETHUSD,1,3807.4,3807.4,3803.96,3804.56
1641370980,ETHUSD,1,3804.56,3807.2,3803.91,3806.24
1641371040,ETHUSD,1,3806.24,3808.51,3806.23,3808.06
1641371100,ETHUSD,1,3808.06,3808.22,3807.16,3807.77
1641371160,ETHUSD,1,3807.77,3808.71,3807.76,3808.27
1641371220,ETHUSD,1,3808.27,3811.55,3808.12,3810.77
1641371280,ETHUSD,1,3810.77,3811.0,3810.17,3810.17
1641371340,ETHUSD,1,3810.17,3811.22,3810.17,3810.36
1641371400,ETHUSD,1,3810.36,3811.91,3810.23,3811.35
1641371460,ETHUSD,1,3811.35,3811.96,3810.79,3811.41
1641371520,ETHUSD,1,3811.41,3811.41,3810.23,3811.19
1641371580,ETHUSD,1,3811.19,3811.19,3808.08,3808.54
1641371640,ETHUSD,1,3808.54,3808.54,3806.42,3806.42
1641371700,ETHUSD,1,3806.42,3807.27,3805.8,3807.0
1641371760,ETHUSD,1,3807.0,3808.08,3806.55,3807.91
1641371820,ETHUSD,1,3807.91,3811.74,3807.48,3809.09
1641371880,ETHUSD,1,3809.09,3811.65,3809.09,3810.76
1641371940,ETHUSD,1,3810.76,3810.99,3808.97,3810.24
1641372000,ETHUSD,1,3810.24,3811.29,3809.28,3811.28
1641372060,ETHUSD,1,3811.28,3812.6,3811.17,3812.6
1641372120,ETHUSD,1,3812.6,3813.0,3812.11,3812.98
1641372180,ETHUSD,1,3812.98,3813.19,3812.91,3813.1
1641372240,ETHUSD,1,3813.1,3817.8,3813.1,3817.35
1641372300,ETHUSD,1,3817.35,3825.52,3817.21,3825.48
1641372360,ETHUSD,1,3825.48,3825.48,3823.16,3823.79
1641372420,ETHUSD,1,3823.79,3824.01,3821.4,3823.08
1641372480,ETHUSD,1,3823.08,3823.33,3822.34,3822.93
1641372540,ETHUSD,1,3822.93,3823.59,3822.39,3822.91
1641372600,ETHUSD,1,3822.91,3823.94,3822.02,3823.84
1641372660,ETHUSD,1,3823.84,3825.19,3823.05,3824.31
1641372720,ETHUSD,1,3824.31,3824.97,3823.16,3824.97
1641372780,ETHUSD,1,3824.97,3825.88,3824.24,3824.35
1641372840,ETHUSD,1,3824.35,3824.35,3822.34,3822.34
1641372900,ETHUSD,1,3822.34,3822.34,3818.7,3819.44
1641372960,ETHUSD,1,3819.44,3819.97,3818.78,3819.36
1641373020,ETHUSD,1,3819.36,3819.77,3819.15,3819.45
1641373080,ETHUSD,1,3819.45,3821.76,3819.29,3821.76
1641373140,ETHUSD,1,3821.76,3822.41,3820.92,3821.58
1641373200,ETHUSD,1,3821.58,3825.7,3819.71,3824.22
1641373260,ETHUSD,1,3824.22,3824.94,3819.86,3819.93
1641373320,ETHUSD,1,3819.93,3820.04,3819.76,3819.96
1641373380,ETHUSD,1,3819.96,3820.12,3818.41,3819.34
1641373440,ETHUSD,1,3819.34,3820.82,3819.34,3820.09
1641373500,ETHUSD,1,3820.09,3821.64,3819.38,3821.51
1641373560,ETHUSD,1,3821.51,3826.21,3821.51,3826.21
1641373620,ETHUSD,1,3826.21,3826.61,3823.7,3823.7
1641373680,ETHUSD,1,3823.7,3824.55,3822.5,3822.5
1641373740,ETHUSD,1,3822.5,3823.65,3821.36,3821.99
1641373800,ETHUSD,1,3821.99,3821.99,3819.04,3819.36
1641373860,ETHUSD,1,3819.36,3820.02,3819.01,3819.42
1641373920,ETHUSD,1,3819.42,3820.83,3819.33,3819.42
1641373980,ETHUSD,1,3819.42,3820.84,3819.42,3820.65
1641374040,ETHUSD,1,3820.65,3820.91,3819.62,3819.62
1641374100,ETHUSD,1,3819.62,3820.12,3818.25,3820.12
1641374160,ETHUSD,1,3820.12,3822.84,3820.12,3822.65
1641374220,ETHUSD,1,3822.65,3823.01,3820.71,3820.71
1641374280,ETHUSD,1,3820.71,3823.94,3820.51,3823.48
1641374340,ETHUSD,1,3823.48,3824.79,3823.35,3824.38
1641374400,ETHUSD,1,3824.38,3825.0,3823.51,3823.71
1641374460,ETHUSD,1,3823.71,3826.35,3823.64,3824.99
1641374520,ETHUSD,1,3824.99,3825.59,3823.98,3825.57
1641374580,ETHUSD,1,3825.57,3826.84,3825.19,3826.84
1641374640,ETHUSD,1,3826.84,3830.33,3826.39,3830.21
1641374700,ETHUSD,1,3830.21,3830.22,3828.37,3828.86
1641374760,ETHUSD,1,3828.86,3828.86,3828.04,3828.12
1641374820,ETHUSD,1,3828.12,3830.11,3827.8,3829.87
1641374880,ETHUSD,1,3829.87,3833.3,3829.52,3833.3
1641374940,ETHUSD,1,3833.3,3833.3,3831.62,3831.97
1641375000,ETHUSD,1,3831.97,3833.05,3831.97,3832.98
1641375060,ETHUSD,1,3832.98,3833.06,3827.53,3827.53
1641375120,ETHUSD,1,3827.53,3830.03,3827.53,3829.8
1641375180,ETHUSD,1,3829.8,3831.33,3829.52,3829.52
1641375240,ETHUSD,1,3829.52,3830.23,3828.31,3830.23
1641375300,ETHUSD,1,3830.23,3833.86,3829.86,3833.0
1641375360,ETHUSD,1,3833.0,3833.97,3832.94,3833.49
1641375420,ETHUSD,1,3833.49,3833.71,3832.65,3833.49
1641375480,ETHUSD,1,3833.49,3833.59,3832.73,3833.49
1641375540,ETHUSD,1,3833.49,3834.02,3833.25,3833.51
1641375600,ETHUSD,1,3833.51,3833.52,3832.61,3832.75
1641375660,ETHUSD,1,3832.75,3834.41,3832.75,3834.32
1641375720,ETHUSD,1,3834.32,3838.32,3834.32,3837.87
1641375780,ETHUSD,1,3837.87,3840.19,3837.74,3839.47
1641375840,ETHUSD,1,3839.47,3839.52,3838.61,3839.43
1641375900,ETHUSD,1,3839.43,3839.8,3838.56,3838.56
1641375960,ETHUSD,1,3838.56,3838.56,3837.19,3838.42
1641376020,ETHUSD,1,3838.42,3838.58,3836.62,3836.73
1641376080,ETHUSD,1,3836.73,3836.73,3835.89,3835.94
1641376140,ETHUSD,1,3835.94,3835.94,3832.97,3832.97
1641376200,ETHUSD,1,3832.97,3835.04,3832.97,3834.14
1641376260,ETHUSD,1,3834.14,3834.46,3832.76,3832.76
1641376320,ETHUSD,1,3832.76,3833.28,3831.25,3832.91
1641376380,ETHUSD,1,3832.91,3835.64,3832.14,3835.41
1641376440,ETHUSD,1,3835.41,3835.42,3834.21,3834.46
1641376500,ETHUSD,1,3834.46,3836.37,3834.22,3836.34
1641376560,ETHUSD,1,3836.34,3836.37,3834.81,3835.6
1641376620,ETHUSD,1,3835.6,3836.33,3835.25,3836.17
1641376680,ETHUSD,1,3836.17,3836.78,3835.72,3836.77
1641376740,ETHUSD,1,3836.77,3837.67,3836.21,3837.16
1641376800,ETHUSD,1,3837.16,3838.4,3837.16,3838.32
1641376860,ETHUSD,1,3838.32,3838.95,3838.32,3838.95
1641376920,ETHUSD,1,3838.95,3843.34,3838.73,3843.07
1641376980,ETHUSD,1,3843.07,3844.93,3842.97,3844.93
1641377040,ETHUSD,1,3844.93,3847.09,3844.64,3844.73
1641377100,ETHUSD,1,3844.73,3844.95,3843.72,3844.36
1641377160,ETHUSD,1,3844.36,3845.76,3844.26,3845.63
1641377220,ETHUSD,1,3845.63,3845.98,3844.93,3845.32
1641377280,ETHUSD,1,3845.32,3845.41,3843.84,3845.35
1641377340,ETHUSD,1,3845.35,3845.45,3843.25,3843.37
1641377400,ETHUSD,1,3843.37,3846.9,3842.9,3842.9
1641377460,ETHUSD,1,3842.9,3842.9,3840.1,3840.29
1641377520,ETHUSD,1,3840.29,3840.89,3839.55,3840.06
1641377580,ETHUSD,1,3840.06,3840.3,3839.13,3839.32
1641377640,ETHUSD,1,3839.32,3839.88,3838.85,3839.72
1641377700,ETHUSD,1,3839.72,3839.79,3835.38,3835.61
1641377760,ETHUSD,1,3835.61,3836.13,3831.35,3831.35
1641377820,ETHUSD,1,3831.35,3832.42,3831.26,3831.75
1641377880,ETHUSD,1,3831.75,3832.08,3830.79,3830.79
1641377940,ETHUSD,1,3830.79,3831.15,3829.22,3830.53
1641378000,ETHUSD,1,3830.53,3833.3,3830.43,3832.77
1641378060,ETHUSD,1,3832.77,3833.66,3831.85,3832.2
1641378120,ETHUSD,1,3832.2,3832.2,3829.85,3829.85
1641378180,ETHUSD,1,3829.85,3830.03,3829.29,3830.02
1641378240,ETHUSD,1,3830.02,3830.87,3829.84,3830.87
1641378300,ETHUSD,1,3830.87,3833.81,3830.87,3832.4
1641378360,ETHUSD,1,3832.4,3833.48,3831.87,3831.87
1641378420,ETHUSD,1,3831.87,3832.54,3829.27,3830.25
1641378480,ETHUSD,1,3830.25,3830.58,3830.09,3830.55
1641378540,ETHUSD,1,3830.55,3831.54,3830.54,3831.01
1641378600,ETHUSD,1,3831.01,3833.18,3831.01,3832.9
1641378660,ETHUSD,1,3832.9,3834.77,3832.38,3834.57
1641378720,ETHUSD,1,3834.57,3834.74,3831.6,3831.82
1641378780,ETHUSD,1,3831.82,3831.82,3828.77,3828.91
1641378840,ETHUSD,1,3828.91,3829.19,3826.93,3828.37
1641378900,ETHUSD,1,3828.37,3828.95,3825.46,3825.68
1641378960,ETHUSD,1,3825.68,3826.81,3825.42,3826.3
1641379020,ETHUSD,1,3826.3,3826.94,3826.08,3826.08
1641379080,ETHUSD,1,3826.08,3826.31,3823.35,3824.09
1641379140,ETHUSD,1,3824.09,3824.44,3823.28,3824.44
1641379200,ETHUSD,1,3824.44,3825.47,3824.1,3825.34
1641379260,ETHUSD,1,3825.34,3827.3,3825.34,3826.8
1641379320,ETHUSD,1,3826.8,3827.56,3825.97,3825.98
1641379380,ETHUSD,1,3825.98,3825.98,3824.55,3824.63
1641379440,ETHUSD,1,3824.63,3824.63,3822.25,3822.25
1641379500,ETHUSD,1,3822.25,3824.54,3822.22,3824.54
1641379560,ETHUSD,1,3824.54,3826.41,3823.81,3824.47
1641379620,ETHUSD,1,3824.47,3824.64,3823.54,3824.49
1641379680,ETHUSD,1,3824.49,3824.67,3824.23,3824.67
1641379740,ETHUSD,1,3824.67,3824.75,3823.14,3823.15
1641379800,ETHUSD,1,3823.15,3823.91,3823.14,3823.71
1641379860,ETHUSD,1,3823.71,3825.88,3823.71,3824.98
1641379920,ETHUSD,1,3824.98,3826.25,3824.43,3824.57
1641379980,ETHUSD,1,3824.57,3825.27,3823.79,3824.41
1641380040,ETHUSD,1,3824.41,3825.15,3823.79,3823.99
1641380100,ETHUSD,1,3823.99,3824.46,3823.23,3823.83
1641380160,ETHUSD,1,3823.83,3824.02,3823.59,3823.84
1641380220,ETHUSD,1,3823.84,3825.94,3823.84,3825.56
1641380280,ETHUSD,1,3825.56,3827.82,3825.56,3827.68
1641380340,ETHUSD,1,3827.68,3827.68,3826.69,3826.69
1641380400,ETHUSD,1,3826.69,3827.59,3824.68,3825.1
1641380460,ETHUSD,1,3825.1,3825.1,3821.54,3821.6
1641380520,ETHUSD,1,3821.6,3822.51,3821.52,3821.52
1641380580,ETHUSD,1,3821.52,3821.54,3819.67,3820.22
1641380640,ETHUSD,1,3820.22,3820.28,3819.79,3819.79
1641380700,ETHUSD,1,3819.79,3820.93,3818.1,3820.93
1641380760,ETHUSD,1,3820.93,3821.74,3820.12,3821.33
1641380820,ETHUSD,1,3821.33,3822.17,3821.31,3821.99
1641380880,ETHUSD,1,3821.99,3822.79,3821.65,3822.07
1641380940,ETHUSD,1,3822.07,3822.33,3817.39,3817.39
1641381000,ETHUSD,1,3817.39,3818.14,3817.24,3817.68
1641381060,ETHUSD,1,3817.68,3818.19,3815.79,3815.92
1641381120,ETHUSD,1,3815.92,3816.66,3813.28,3813.28
1641381180,ETHUSD,1,3813.28,3813.28,3811.59,3811.76
1641381240,ETHUSD,1,3811.76,3813.36,3811.76,3813.04
1641381300,ETHUSD,1,3813.04,3813.43,3812.48,3813.42
1641381360,ETHUSD,1,3813.42,3813.75,3813.21,3813.52
1641381420,ETHUSD,1,3813.52,3813.74,3813.38,3813.62
1641381480,ETHUSD,1,3813.62,3814.36,3813.51,3814.2
1641381540,ETHUSD,1,3814.2,3814.38,3813.91,3814.13
1641381600,ETHUSD,1,3814.13,3814.38,3813.27,3813.47
1641381660,ETHUSD,1,3813.47,3813.47,3810.32,3810.86
1641381720,ETHUSD,1,3810.86,3811.57,3810.86,3810.88
1641381780,ETHUSD,1,3810.88,3810.89,3806.88,3808.56
1641381840,ETHUSD,1,3808.56,3810.67,3808.4,3810.15
1641381900,ETHUSD,1,3810.15,3811.4,3810.15,3810.72
1641381960,ETHUSD,1,3810.72,3811.16,3808.47,3808.47
1641382020,ETHUSD,1,3808.47,3808.47,3802.56,3804.72
1641382080,ETHUSD,1,3804.72,3807.11,3804.21,3804.4
1641382140,ETHUSD,1,3804.4,3804.58,3802.7,3804.3
1641382200,ETHUSD,1,3804.3,3805.25,3804.24,3804.7
1641382260,ETHUSD,1,3804.7,3804.93,3801.46,3801.58
1641382320,ETHUSD,1,3801.58,3801.65,3796.28,3797.07
1641382380,ETHUSD,1,3797.07,3797.12,3793.43,3794.75
1641382440,ETHUSD,1,3794.75,3797.71,3790.84,3791.24
1641382500,ETHUSD,1,3791.24,3795.76,3791.24,3792.85
1641382560,ETHUSD,1,3792.85,3792.85,3784.24,3788.36
1641382620,ETHUSD,1,3788.36,3792.34,3788.36,3791.42
1641382680,ETHUSD,1,3791.42,3793.07,3791.12,3792.79
1641382740,ETHUSD,1,3792.79,3794.9,3791.03,3793.21
1641382800,ETHUSD,1,3793.21,3795.86,3793.21,3795.18
1641382860,ETHUSD,1,3795.18,3795.72,3792.39,3794.35
1641382920,ETHUSD,1,3794.35,3794.65,3792.64,3792.64
1641382980,ETHUSD,1,3792.64,3792.67,3790.77,3790.86
1641383040,ETHUSD,1,3790.86,3790.86,3787.1,3787.93
1641383100,ETHUSD,1,3787.93,3791.38,3787.93,3791.38
1641383160,ETHUSD,1,3791.38,3794.0,3791.38,3794.0
1641383220,ETHUSD,1,3794.0,3794.0,3789.59,3789.86
1641383280,ETHUSD,1,3789.86,3792.28,3789.74,3792.05
1641383340,ETHUSD,1,3792.05,3792.05,3789.93,3790.0
1641383400,ETHUSD,1,3790.0,3792.08,3789.67,3791.09
1641383460,ETHUSD,1,3791.09,3791.81,3786.51,3786.51
1641383520,ETHUSD,1,3786.51,3786.61,3782.85,3785.9
1641383580,ETHUSD,1,3785.9,3788.79,3785.38,3788.26
1641383640,ETHUSD,1,3788.26,3789.45,3787.59,3788.16
1641383700,ETHUSD,1,3788.16,3788.16,3786.2,3786.33
1641383760,ETHUSD,1,3786.33,3787.6,3783.92,3786.62
1641383820,ETHUSD,1,3786.62,3790.76,3786.5,3790.37
1641383880,ETHUSD,1,3790.37,3790.76,3789.97,3790.07
1641383940,ETHUSD,1,3790.07,3791.38,3789.93,3791.03
1641384000,ETHUSD,1,3791.03,3795.8,3790.92,3795.74
1641384060,ETHUSD,1,3795.74,3795.8,3794.25,3794.56
1641384120,ETHUSD,1,3794.56,3795.9,3794.3,3795.42
1641384180,ETHUSD,1,3795.42,3795.86,3793.73,3794.26
1641384240,ETHUSD,1,3794.26,3795.28,3791.27,3791.67
1641384300,ETHUSD,1,3791.67,3791.67,3788.1,3788.77
1641384360,ETHUSD,1,3788.77,3789.29,3786.33,3786.37
1641384420,ETHUSD,1,3786.37,3787.94,3785.65,3787.84
1641384480,ETHUSD,1,3787.84,3789.26,3787.12,3789.26
1641384540,ETHUSD,1,3789.26,3790.35,3787.61,3787.99
1641384600,ETHUSD,1,3787.99,3788.46,3787.58,3788.17
1641384660,ETHUSD,1,3788.17,3788.46,3783.57,3783.57
1641384720,ETHUSD,1,3783.57,3787.01,3782.93,3786.43
1641384780,ETHUSD,1,3786.43,3787.82,3785.62,3786.47
1641384840,ETHUSD,1,3786.47,3788.91,3786.47,3787.75
1641384900,ETHUSD,1,3787.75,3789.58,3787.6,3788.3
1641384960,ETHUSD,1,3788.3,3788.3,3785.66,3788.09
1641385020,ETHUSD,1,3788.09,3788.7,3788.0,3788.27
1641385080,ETHUSD,1,3788.27,3788.27,3787.08,3787.08
1641385140,ETHUSD,1,3787.08,3787.08,3784.48,3784.65
1641385200,ETHUSD,1,3784.65,3784.65,3778.25,3779.99
1641385260,ETHUSD,1,3779.99,3779.99,3774.53,3775.22
1641385320,ETHUSD,1,3775.22,3775.22,3773.07,3774.16
1641385380,ETHUSD,1,3774.16,3774.51,3773.39,3773.87
1641385440,ETHUSD,1,3773.87,3774.28,3770.19,3773.12
1641385500,ETHUSD,1,3773.12,3778.25,3772.75,3774.6
1641385560,ETHUSD,1,3774.6,3779.23,3774.6,3777.75
1641385620,ETHUSD,1,3777.75,3779.12,3777.75,3778.02
1641385680,ETHUSD,1,3778.02,3780.27,3777.78,3780.24
1641385740,ETHUSD,1,3780.24,3782.07,3780.24,3781.24
1641385800,ETHUSD,1,3781.24,3782.48,3778.2,3780.0
1641385860,ETHUSD,1,3780.0,3780.02,3778.08,3779.22
1641385920,ETHUSD,1,3779.22,3781.04,3778.37,3779.65
1641385980,ETHUSD,1,3779.65,3781.2,3778.52,3780.78
1641386040,ETHUSD,1,3780.78,3781.72,3780.42,3781.64
1641386100,ETHUSD,1,3781.64,3782.62,3781.17,3782.6
1641386160,ETHUSD,1,3782.6,3782.62,3779.59,3781.56
1641386220,ETHUSD,1,3781.56,3781.65,3780.91,3781.34
1641386280,ETHUSD,1,3781.34,3781.69,3779.56,3779.59
1641386340,ETHUSD,1,3779.59,3779.59,3777.27,3778.44
1641386400,ETHUSD,1,3778.44,3778.76,3766.37,3766.37
1641386460,ETHUSD,1,3766.37,3770.25,3764.71,3767.27
1641386520,ETHUSD,1,3767.27,3770.83,3767.27,3770.68
1641386580,ETHUSD,1,3770.68,3774.7,3770.68,3774.15
1641386640,ETHUSD,1,3774.15,3775.55,3773.13,3775.55
1641386700,ETHUSD,1,3775.55,3775.91,3771.37,3772.9
1641386760,ETHUSD,1,3772.9,3773.11,3769.39,3769.76
1641386820,ETHUSD,1,3769.76,3769.76,3767.67,3769.05
1641386880,ETHUSD,1,3769.05,3771.44,3767.79,3771.11
1641386940,ETHUSD,1,3771.11,3772.15,3769.84,3771.69
1641387000,ETHUSD,1,3771.69,3772.39,3770.97,3772.13
1641387060,ETHUSD,1,3772.13,3777.48,3772.13,3777.46
1641387120,ETHUSD,1,3777.46,3779.86,3776.69,3779.08
1641387180,ETHUSD,1,3779.08,3781.33,3778.68,3781.32
1641387240,ETHUSD,1,3781.32,3784.43,3781.32,3783.89
1641387300,ETHUSD,1,3783.89,3785.0,3782.9,3784.84
1641387360,ETHUSD,1,3784.84,3788.85,3783.92,3788.78
1641387420,ETHUSD,1,3788.78,3790.63,3788.59,3789.63
1641387480,ETHUSD,1,3789.63,3789.74,3786.73,3788.28
1641387540,ETHUSD,1,3788.28,3789.31,3786.64,3789.1
1641387600,ETHUSD,1,3789.1,3789.67,3786.49,3787.49
1641387660,ETHUSD,1,3787.49,3788.32,3786.49,3788.08
1641387720,ETHUSD,1,3788.08,3793.52,3788.08,3793.22
1641387780,ETHUSD,1,3793.22,3793.86,3787.1,3787.1
1641387840,ETHUSD,1,3787.1,3788.18,3785.2,3785.55
1641387900,ETHUSD,1,3785.55,3786.17,3784.6,3784.6
1641387960,ETHUSD,1,3784.6,3785.46,3783.19,3784.15
1641388020,ETHUSD,1,3784.15,3784.32,3783.54,3784.0
1641388080,ETHUSD,1,3784.0,3784.94,3783.51,3784.87
1641388140,ETHUSD,1,3784.87,3786.26,3784.65,3785.19
1641388200,ETHUSD,1,3785.19,3785.58,3783.27,3783.95
1641388260,ETHUSD,1,3783.95,3783.95,3781.68,3782.4
1641388320,ETHUSD,1,3782.4,3784.65,3782.37,3784.64
1641388380,ETHUSD,1,3784.64,3788.01,3784.49,3787.82
1641388440,ETHUSD,1,3787.82,3788.37,3786.25,3788.36
1641388500,ETHUSD,1,3788.36,3788.84,3786.6,3787.98
1641388560,ETHUSD,1,3787.98,3790.71,3787.97,3790.71
1641388620,ETHUSD,1,3790.71,3795.65,3789.22,3795.51
1641388680,ETHUSD,1,3795.51,3802.67,3795.51,3801.47
1641388740,ETHUSD,1,3801.47,3802.1,3798.94,3799.99
1641388800,ETHUSD,1,3799.99,3803.2,3799.67,3803.06
1641388860,ETHUSD,1,3803.06,3803.73,3802.03,3802.2
1641388920,ETHUSD,1,3802.2,3802.21,3797.44,3799.68
1641388980,ETHUSD,1,3799.68,3803.24,3799.68,3803.07
1641389040,ETHUSD,1,3803.07,3803.76,3802.04,3803.73
1641389100,ETHUSD,1,3803.73,3803.73,3802.05,3802.07
1641389160,ETHUSD,1,3802.07,3802.63,3801.52,3802.63
1641389220,ETHUSD,1,3802.63,3805.9,3802.63,3803.92
1641389280,ETHUSD,1,3803.92,3806.97,3803.54,3806.07
1641389340,ETHUSD,1,3806.07,3806.72,3804.44,3804.44
1641389400,ETHUSD,1,3804.44,3806.26,3804.06,3806.11
1641389460,ETHUSD,1,3806.11,3806.14,3801.36,3801.36
1641389520,ETHUSD,1,3801.36,3802.95,3800.55,3802.89
1641389580,ETHUSD,1,3802.89,3804.71,3801.83,3804.71
1641389640,ETHUSD,1,3804.71,3806.94,3804.33,3806.94
1641389700,ETHUSD,1,3806.94,3806.94,3805.13,3805.37
1641389760,ETHUSD,1,3805.37,3805.37,3803.9,3804.52
1641389820,ETHUSD,1,3804.52,3804.52,3802.69,3803.64
1641389880,ETHUSD,1,3803.64,3804.79,3803.3,3804.74
1641389940,ETHUSD,1,3804.74,3807.32,3804.39,3806.01
1641390000,ETHUSD,1,3806.01,3806.08,3804.34,3804.92
1641390060,ETHUSD,1,3804.92,3806.05,3804.46,3806.05
1641390120,ETHUSD,1,3806.05,3806.05,3803.2,3804.46
1641390180,ETHUSD,1,3804.46,3804.47,3802.02,3802.45
1641390240,ETHUSD,1,3802.45,3803.05,3801.07,3802.87
1641390300,ETHUSD,1,3802.87,3805.14,3802.13,3804.67
1641390360,ETHUSD,1,3804.67,3807.13,3804.54,3804.58
1641390420,ETHUSD,1,3804.58,3805.01,3802.3,3802.3
1641390480,ETHUSD,1,3802.3,3803.28,3802.14,3802.51
1641390540,ETHUSD,1,3802.51,3802.85,3799.98,3800.71
1641390600,ETHUSD,1,3800.71,3800.84,3799.37,3800.46
1641390660,ETHUSD,1,3800.46,3805.02,3800.46,3804.42
1641390720,ETHUSD,1,3804.42,3804.94,3804.42,3804.5
1641390780,ETHUSD,1,3804.5,3804.74,3803.06,3804.59
1641390840,ETHUSD,1,3804.59,3807.56,3804.59,3807.53
1641390900,ETHUSD,1,3807.53,3809.18,3807.45,3809.18
1641390960,ETHUSD,1,3809.18,3814.51,3808.73,3812.16
1641391020,ETHUSD,1,3812.16,3816.23,3812.16,3815.15
1641391080,ETHUSD,1,3815.15,3815.45,3814.13,3815.12
1641391140,ETHUSD,1,3815.12,3815.73,3814.13,3814.76
1641391200,ETHUSD,1,3814.76,3815.21,3814.53,3814.57
1641391260,ETHUSD,1,3814.57,3816.03,3814.57,3816.03
1641391320,ETHUSD,1,3816.03,3818.56,3816.02,3817.81
1641391380,ETHUSD,1,3817.81,3818.73,3817.46,3817.93
1641391440,ETHUSD,1,3817.93,3817.93,3814.68,3814.74
1641391500,ETHUSD,1,3814.74,3815.24,3812.74,3813.55
1641391560,ETHUSD,1,3813.55,3814.98,3813.44,3813.73
1641391620,ETHUSD,1,3813.73,3815.64,3813.43,3814.94
1641391680,ETHUSD,1,3814.94,3814.96,3811.05,3811.18
1641391740,ETHUSD,1,3811.18,3812.46,3811.02,3811.34
1641391800,ETHUSD,1,3811.34,3814.02,3811.23,3813.44
1641391860,ETHUSD,1,3813.44,3814.09,3812.18,3812.18
1641391920,ETHUSD,1,3812.18,3813.56,3811.22,3812.71
1641391980,ETHUSD,1,3812.71,3818.44,3812.71,3817.78
1641392040,ETHUSD,1,3817.78,3819.56,3816.23,3816.24
1641392100,ETHUSD,1,3816.24,3816.65,3813.45,3813.75
1641392160,ETHUSD,1,3813.75,3813.75,3812.12,3812.35
1641392220,ETHUSD,1,3812.35,3812.35,3805.49,3805.49
1641392280,ETHUSD,1,3805.49,3805.51,3803.4,3804.14
1641392340,ETHUSD,1,3804.14,3804.73,3803.28,3803.85
1641392400,ETHUSD,1,3803.85,3804.16,3803.15,3803.64
1641392460,ETHUSD,1,3803.64,3804.86,3803.64,3804.42
1641392520,ETHUSD,1,3804.42,3805.89,3804.36,3805.77
1641392580,ETHUSD,1,3805.77,3806.44,3805.05,3806.44
1641392640,ETHUSD,1,3806.44,3806.44,3805.33,3805.93
1641392700,ETHUSD,1,3805.93,3808.18,3805.39,3807.66
1641392760,ETHUSD,1,3807.66,3808.07,3807.63,3808.02
1641392820,ETHUSD,1,3808.02,3808.53,3807.65,3808.53
1641392880,ETHUSD,1,3808.53,3808.53,3807.65,3808.02
1641392940,ETHUSD,1,3808.02,3811.73,3808.02,3811.71
1641393000,ETHUSD,1,3811.71,3815.75,3808.99,3815.33
1641393060,ETHUSD,1,3815.33,3819.82,3813.92,3813.92
1641393120,ETHUSD,1,3813.92,3813.93,3803.22,3804.34
1641393180,ETHUSD,1,3804.34,3805.62,3802.69,3805.41
1641393240,ETHUSD,1,3805.41,3806.18,3805.12,3805.16
1641393300,ETHUSD,1,3805.16,3805.23,3797.92,3799.11
1641393360,ETHUSD,1,3799.11,3802.71,3798.79,3802.48
1641393420,ETHUSD,1,3802.48,3805.42,3800.36,3800.36
1641393480,ETHUSD,1,3800.36,3800.38,3797.07,3799.1
1641393540,ETHUSD,1,3799.1,3799.79,3796.72,3796.85
1641393600,ETHUSD,1,3796.85,3797.02,3794.87,3795.8
1641393660,ETHUSD,1,3795.8,3823.3,3795.48,3823.05
1641393720,ETHUSD,1,3823.05,3832.37,3817.95,3818.47
1641393780,ETHUSD,1,3818.47,3818.47,3801.31,3805.59
1641393840,ETHUSD,1,3805.59,3808.78,3800.52,3802.83
1641393900,ETHUSD,1,3802.83,3805.63,3800.36,3800.37
1641393960,ETHUSD,1,3800.37,3803.09,3798.39,3798.39
1641394020,ETHUSD,1,3798.39,3798.39,3789.99,3794.06
1641394080,ETHUSD,1,3794.06,3794.06,3790.34,3792.24
1641394140,ETHUSD,1,3792.24,3794.42,3792.14,3793.18
1641394200,ETHUSD,1,3793.18,3797.49,3789.85,3797.45
1641394260,ETHUSD,1,3797.45,3808.82,3797.06,3808.3
1641394320,ETHUSD,1,3808.3,3821.2,3805.48,3816.39
1641394380,ETHUSD,1,3816.39,3821.65,3813.51,3821.65
1641394440,ETHUSD,1,3821.65,3821.65,3814.73,3816.73
1641394500,ETHUSD,1,3816.73,3819.54,3815.22,3818.78
1641394560,ETHUSD,1,3818.78,3819.94,3815.47,3815.47
1641394620,ETHUSD,1,3815.47,3822.14,3815.42,3821.49
1641394680,ETHUSD,1,3821.49,3825.55,3819.52,3823.68
1641394740,ETHUSD,1,3823.68,3827.26,3820.63,3820.63
1641394800,ETHUSD,1,3820.63,3827.1,3820.63,3825.04
1641394860,ETHUSD,1,3825.04,3826.39,3821.58,3822.35
1641394920,ETHUSD,1,3822.35,3825.66,3822.33,3825.51
1641394980,ETHUSD,1,3825.51,3826.21,3823.87,3825.29
1641395040,ETHUSD,1,3825.29,3826.03,3817.68,3820.55
1641395100,ETHUSD,1,3820.55,3820.69,3816.96,3819.56
1641395160,ETHUSD,1,3819.56,3821.64,3818.13,3820.1
1641395220,ETHUSD,1,3820.1,3820.93,3818.9,3819.47
1641395280,ETHUSD,1,3819.47,3822.64,3818.98,3818.98
1641395340,ETHUSD,1,3818.98,3820.3,3815.76,3816.17
1641395400,ETHUSD,1,3816.17,3816.89,3811.75,3812.69
1641395460,ETHUSD,1,3812.69,3814.13,3812.2,3813.77
1641395520,ETHUSD,1,3813.77,3816.03,3813.76,3815.08
1641395580,ETHUSD,1,3815.08,3815.32,3812.58,3812.61
1641395640,ETHUSD,1,3812.61,3812.95,3810.65,3811.05
1641395700,ETHUSD,1,3811.05,3814.12,3811.05,3812.11
1641395760,ETHUSD,1,3812.11,3814.5,3811.93,3813.84
1641395820,ETHUSD,1,3813.84,3814.67,3813.47,3813.94
1641395880,ETHUSD,1,3813.94,3814.47,3811.13,3811.13
1641395940,ETHUSD,1,3811.13,3811.25,3809.8,3810.19
1641396000,ETHUSD,1,3810.19,3811.76,3810.01,3810.64
1641396060,ETHUSD,1,3810.64,3812.05,3810.59,3811.84
1641396120,ETHUSD,1,3811.84,3812.87,3811.47,3812.37
1641396180,ETHUSD,1,3812.37,3816.67,3812.37,3815.8
1641396240,ETHUSD,1,3815.8,3817.29,3814.91,3815.17
1641396300,ETHUSD,1,3815.17,3818.39,3814.81,3817.07
1641396360,ETHUSD,1,3817.07,3819.07,3817.07,3818.09
1641396420,ETHUSD,1,3818.09,3820.92,3818.09,3819.61
1641396480,ETHUSD,1,3819.61,3822.28,3819.61,3820.78
1641396540,ETHUSD,1,3820.78,3822.28,3820.28,3820.56
1641396600,ETHUSD,1,3820.56,3820.61,3816.71,3819.1
1641396660,ETHUSD,1,3819.1,3819.34,3818.04,3818.69
1641396720,ETHUSD,1,3818.69,3818.69,3816.47,3816.52
1641396780,ETHUSD,1,3816.52,3817.28,3815.9,3816.96
1641396840,ETHUSD,1,3816.96,3817.08,3814.44,3815.39
1641396900,ETHUSD,1,3815.39,3816.83,3813.49,3814.16
1641396960,ETHUSD,1,3814.16,3814.21,3811.07,3811.75
1641397020,ETHUSD,1,3811.75,3813.69,3811.37,3813.45
1641397080,ETHUSD,1,3813.45,3813.45,3807.51,3809.96
1641397140,ETHUSD,1,3809.96,3810.74,3808.8,3809.8
1641397200,ETHUSD,1,3809.8,3811.13,3808.93,3810.01
1641397260,ETHUSD,1,3810.01,3811.14,3809.45,3811.13
1641397320,ETHUSD,1,3811.13,3812.76,3811.13,3811.72
1641397380,ETHUSD,1,3811.72,3815.05,3811.7,3815.05
1641397440,ETHUSD,1,3815.05,3816.07,3813.08,3815.24
1641397500,ETHUSD,1,3815.24,3815.69,3812.99,3813.21
1641397560,ETHUSD,1,3813.21,3813.8,3812.05,3812.06
1641397620,ETHUSD,1,3812.06,3812.06,3806.51,3809.67
1641397680,ETHUSD,1,3809.67,3812.1,3809.29,3812.01
1641397740,ETHUSD,1,3812.01,3815.42,3811.93,3813.95
1641397800,ETHUSD,1,3813.95,3816.73,3813.36,3816.73
1641397860,ETHUSD,1,3816.73,3818.87,3815.73,3818.02
1641397920,ETHUSD,1,3818.02,3818.73,3817.48,3817.76
1641397980,ETHUSD,1,3817.76,3818.1,3817.07,3817.8
1641398040,ETHUSD,1,3817.8,3821.85,3816.84,3821.85
1641398100,ETHUSD,1,3821.85,3822.04,3820.66,3821.23
1641398160,ETHUSD,1,3821.23,3823.35,3820.98,3822.86
1641398220,ETHUSD,1,3822.86,3823.39,3822.15,3822.95
1641398280,ETHUSD,1,3822.95,3823.16,3821.4,3821.92
1641398340,ETHUSD,1,3821.92,3822.24,3820.71,3821.79
1641398400,ETHUSD,1,3821.79,3823.52,3820.54,3820.54
1641398460,ETHUSD,1,3820.54,3823.24,3819.65,3822.59
1641398520,ETHUSD,1,3822.59,3823.35,3822.02,3822.98
1641398580,ETHUSD,1,3822.98,3822.98,3818.44,3818.79
1641398640,ETHUSD,1,3818.79,3818.8,3815.64,3815.79
1641398700,ETHUSD,1,3815.79,3815.79,3812.53,3812.94
1641398760,ETHUSD,1,3812.94,3813.56,3811.71,3812.1
1641398820,ETHUSD,1,3812.1,3813.9,3811.06,3811.06
1641398880,ETHUSD,1,3811.06,3811.98,3809.53,3809.78
1641398940,ETHUSD,1,3809.78,3809.91,3807.92,3808.31
1641399000,ETHUSD,1,3808.31,3809.22,3807.22,3807.22
1641399060,ETHUSD,1,3807.22,3807.85,3802.23,3804.18
1641399120,ETHUSD,1,3804.18,3808.21,3803.86,3807.61
1641399180,ETHUSD,1,3807.61,3809.07,3806.88,3809.02
1641399240,ETHUSD,1,3809.02,3810.33,3809.02,3809.9
1641399300,ETHUSD,1,3809.9,3812.33,3809.51,3810.16
1641399360,ETHUSD,1,3810.16,3810.4,3809.52,3810.28
1641399420,ETHUSD,1,3810.28,3811.19,3809.96,3810.33
1641399480,ETHUSD,1,3810.33,3811.11,3809.59,3810.0
1641399540,ETHUSD,1,3810.0,3810.0,3808.76,3809.61
1641399600,ETHUSD,1,3809.61,3810.71,3807.13,3810.71
1641399660,ETHUSD,1,3810.71,3817.83,3810.7,3817.74
1641399720,ETHUSD,1,3817.74,3818.05,3814.88,3815.31
1641399780,ETHUSD,1,3815.31,3815.86,3814.15,3814.78
1641399840,ETHUSD,1,3814.78,3815.96,3814.55,3815.18
1641399900,ETHUSD,1,3815.18,3816.36,3815.06,3815.94
1641399960,ETHUSD,1,3815.94,3817.01,3815.37,3815.39
1641400020,ETHUSD,1,3815.39,3816.86,3815.39,3816.39
1641400080,ETHUSD,1,3816.39,3818.37,3816.38,3818.05
1641400140,ETHUSD,1,3818.05,3820.12,3818.04,3820.12
1641400200,ETHUSD,1,3820.12,3820.44,3818.75,3819.11
1641400260,ETHUSD,1,3819.11,3819.33,3816.36,3816.52
1641400320,ETHUSD,1,3816.52,3816.57,3813.7,3813.79
1641400380,ETHUSD,1,3813.79,3813.82,3811.02,3811.02
1641400440,ETHUSD,1,3811.02,3811.42,3809.85,3810.08
1641400500,ETHUSD,1,3810.08,3810.09,3809.43,3809.45
1641400560,ETHUSD,1,3809.45,3809.47,3806.92,3806.98
1641400620,ETHUSD,1,3806.98,3806.98,3803.38,3803.48
1641400680,ETHUSD,1,3803.48,3806.39,3803.08,3805.86
1641400740,ETHUSD,1,3805.86,3806.17,3804.0,3804.0
1641400800,ETHUSD,1,3804.0,3804.62,3803.33,3803.76
1641400860,ETHUSD,1,3803.76,3803.89,3801.76,3801.98
1641400920,ETHUSD,1,3801.98,3803.7,3797.12,3797.46
1641400980,ETHUSD,1,3797.46,3800.2,3797.46,3799.68
1641401040,ETHUSD,1,3799.68,3799.88,3797.85,3797.85
1641401100,ETHUSD,1,3797.85,3797.86,3794.54,3795.66
1641401160,ETHUSD,1,3795.66,3796.14,3794.2,3795.1
1641401220,ETHUSD,1,3795.1,3795.75,3792.56,3792.73
1641401280,ETHUSD,1,3792.73,3795.47,3792.73,3793.45
1641401340,ETHUSD,1,3793.45,3793.98,3792.93,3792.94
1641401400,ETHUSD,1,3792.94,3794.84,3792.94,3794.76
1641401460,ETHUSD,1,3794.76,3796.99,3793.68,3794.5
1641401520,ETHUSD,1,3794.5,3795.36,3794.23,3795.03
1641401580,ETHUSD,1,3795.03,3795.03,3792.3,3792.78
1641401640,ETHUSD,1,3792.78,3793.79,3792.69,3792.92
1641401700,ETHUSD,1,3792.92,3794.78,3792.91,3794.66
1641401760,ETHUSD,1,3794.66,3794.72,3791.74,3792.58
1641401820,ETHUSD,1,3792.58,3793.85,3792.24,3793.85
1641401880,ETHUSD,1,3793.85,3794.49,3793.68,3794.49
1641401940,ETHUSD,1,3794.49,3794.49,3792.1,3793.26
1641402000,ETHUSD,1,3793.26,3798.06,3791.67,3797.01
1641402060,ETHUSD,1,3797.01,3798.5,3796.1,3797.59
1641402120,ETHUSD,1,3797.59,3799.13,3797.59,3799.08
1641402180,ETHUSD,1,3799.08,3803.66,3798.98,3800.94
1641402240,ETHUSD,1,3800.94,3801.57,3800.62,3800.87
1641402300,ETHUSD,1,3800.87,3801.0,3800.75,3800.81
1641402360,ETHUSD,1,3800.81,3800.96,3799.46,3800.76
1641402420,ETHUSD,1,3800.76,3802.54,3800.19,3802.46
1641402480,ETHUSD,1,3802.46,3803.37,3800.98,3801.25
1641402540,ETHUSD,1,3801.25,3802.91,3801.06,3802.06
1641402600,ETHUSD,1,3802.06,3803.67,3802.06,3803.35
1641402660,ETHUSD,1,3803.35,3803.75,3803.2,3803.59
1641402720,ETHUSD,1,3803.59,3803.59,3801.55,3802.75
1641402780,ETHUSD,1,3802.75,3803.45,3800.38,3801.45
1641402840,ETHUSD,1,3801.45,3801.45,3800.35,3800.45
1641402900,ETHUSD,1,3800.45,3800.95,3800.01,3800.46
1641402960,ETHUSD,1,3800.46,3800.46,3797.78,3797.78
1641403020,ETHUSD,1,3797.78,3798.39,3796.57,3797.32
1641403080,ETHUSD,1,3797.32,3799.03,3796.01,3798.11
1641403140,ETHUSD,1,3798.11,3798.79,3798.03,3798.31
1641403200,ETHUSD,1,3798.31,3798.6,3797.58,3797.65
1641403260,ETHUSD,1,3797.65,3798.31,3794.99,3796.16
1641403320,ETHUSD,1,3796.16,3797.55,3795.42,3797.04
1641403380,ETHUSD,1,3797.04,3797.21,3795.68,3795.68
1641403440,ETHUSD,1,3795.68,3795.93,3793.45,3793.45
1641403500,ETHUSD,1,3793.45,3796.25,3793.09,3795.92
1641403560,ETHUSD,1,3795.92,3797.8,3795.55,3797.43
1641403620,ETHUSD,1,3797.43,3800.02,3797.32,3799.97
1641403680,ETHUSD,1,3799.97,3799.97,3798.09,3798.09
1641403740,ETHUSD,1,3798.09,3798.75,3797.42,3798.75
1641403800,ETHUSD,1,3798.75,3799.0,3798.34,3798.34
1641403860,ETHUSD,1,3798.34,3798.42,3796.36,3796.43
1641403920,ETHUSD,1,3796.43,3797.08,3796.34,3796.62
1641403980,ETHUSD,1,3796.62,3796.72,3794.3,3794.73
1641404040,ETHUSD,1,3794.73,3795.14,3792.67,3792.67
1641404100,ETHUSD,1,3792.67,3793.26,3791.61,3791.61
1641404160,ETHUSD,1,3791.61,3791.7,3786.64,3786.86
1641404220,ETHUSD,1,3786.86,3786.86,3785.4,3786.13
1641404280,ETHUSD,1,3786.13,3787.03,3784.06,3784.4
1641404340,ETHUSD,1,3784.4,3784.96,3783.21,3784.05
1641404400,ETHUSD,1,3784.05,3787.09,3783.83,3785.72
1641404460,ETHUSD,1,3785.72,3786.22,3785.01,3786.07
1641404520,ETHUSD,1,3786.07,3788.86,3786.07,3788.14
1641404580,ETHUSD,1,3788.14,3788.14,3784.76,3785.02
1641404640,ETHUSD,1,3785.02,3786.41,3784.31,3786.23
1641404700,ETHUSD,1,3786.23,3791.19,3785.42,3789.89
1641404760,ETHUSD,1,3789.89,3790.23,3788.88,3789.51
1641404820,ETHUSD,1,3789.51,3790.27,3788.88,3789.92
1641404880,ETHUSD,1,3789.92,3789.92,3788.72,3788.82
1641404940,ETHUSD,1,3788.82,3788.82,3786.35,3786.47
1641405000,ETHUSD,1,3786.47,3786.6,3783.55,3783.62
1641405060,ETHUSD,1,3783.62,3783.89,3781.73,3783.22
1641405120,ETHUSD,1,3783.22,3783.87,3782.61,3783.0
1641405180,ETHUSD,1,3783.0,3785.07,3782.83,3784.9
1641405240,ETHUSD,1,3784.9,3785.7,3784.35,3784.7
1641405300,ETHUSD,1,3784.7,3785.08,3782.59,3782.59
1641405360,ETHUSD,1,3782.59,3784.55,3782.23,3782.83
1641405420,ETHUSD,1,3782.83,3782.83,3777.79,3779.62
1641405480,ETHUSD,1,3779.62,3780.05,3775.73,3776.27
1641405540,ETHUSD,1,3776.27,3776.86,3771.58,3771.59
1641405600,ETHUSD,1,3771.59,3771.99,3767.18,3768.96
1641405660,ETHUSD,1,3768.96,3771.94,3768.96,3769.39
1641405720,ETHUSD,1,3769.39,3769.4,3760.61,3762.69
1641405780,ETHUSD,1,3762.69,3762.69,3752.9,3753.26
1641405840,ETHUSD,1,3753.26,3754.55,3745.3,3746.54
1641405900,ETHUSD,1,3746.54,3751.47,3739.16,3741.14
1641405960,ETHUSD,1,3741.14,3741.31,3737.96,3739.16
1641406020,ETHUSD,1,3739.16,3741.73,3739.04,3739.37
1641406080,ETHUSD,1,3739.37,3740.87,3734.76,3738.1
1641406140,ETHUSD,1,3738.1,3738.13,3734.35,3735.48
1641406200,ETHUSD,1,3735.48,3735.71,3728.3,3732.71
1641406260,ETHUSD,1,3732.71,3734.44,3726.44,3727.14
1641406320,ETHUSD,1,3727.14,3732.17,3726.39,3732.17
1641406380,ETHUSD,1,3732.17,3742.15,3731.91,3739.17
1641406440,ETHUSD,1,3739.17,3741.83,3735.97,3740.41
1641406500,ETHUSD,1,3740.41,3740.41,3735.21,3737.62
1641406560,ETHUSD,1,3737.62,3739.0,3735.35,3736.37
1641406620,ETHUSD,1,3736.37,3736.82,3731.36,3731.55
1641406680,ETHUSD,1,3731.55,3731.55,3726.43,3728.95
1641406740,ETHUSD,1,3728.95,3729.7,3726.63,3729.03
1641406800,ETHUSD,1,3729.03,3730.04,3726.9,3727.69
1641406860,ETHUSD,1,3727.69,3752.56,3727.69,3751.37
1641406920,ETHUSD,1,3751.37,3752.07,3745.54,3745.54
1641406980,ETHUSD,1,3745.54,3746.06,3739.56,3741.82
1641407040,ETHUSD,1,3741.82,3746.44,3741.82,3744.98
1641407100,ETHUSD,1,3744.98,3750.47,3744.27,3748.8
1641407160,ETHUSD,1,3748.8,3750.5,3745.42,3745.62
1641407220,ETHUSD,1,3745.62,3747.16,3742.78,3745.05
1641407280,ETHUSD,1,3745.05,3748.08,3743.79,3745.14
1641407340,ETHUSD,1,3745.14,3746.82,3743.92,3746.82
1641407400,ETHUSD,1,3746.82,3750.02,3742.85,3750.02
1641407460,ETHUSD,1,3750.02,3768.24,3750.02,3760.78
1641407520,ETHUSD,1,3760.78,3761.28,3758.63,3760.09
1641407580,ETHUSD,1,3760.09,3760.09,3753.15,3753.15
1641407640,ETHUSD,1,3753.15,3755.57,3750.19,3750.19
1641407700,ETHUSD,1,3750.19,3754.74,3748.53,3754.74
1641407760,ETHUSD,1,3754.74,3754.92,3753.77,3753.79
1641407820,ETHUSD,1,3753.79,3754.24,3751.72,3753.03
1641407880,ETHUSD,1,3753.03,3753.03,3746.59,3747.95
1641407940,ETHUSD,1,3747.95,3753.21,3747.52,3752.71
1641408000,ETHUSD,1,3752.71,3752.71,3750.23,3751.04
1641408060,ETHUSD,1,3751.04,3751.04,3746.81,3746.81
1641408120,ETHUSD,1,3746.81,3747.84,3745.01,3745.25
1641408180,ETHUSD,1,3745.25,3749.34,3745.03,3749.04
1641408240,ETHUSD,1,3749.04,3754.04,3747.26,3753.5
1641408300,ETHUSD,1,3753.5,3759.02,3753.5,3756.23
1641408360,ETHUSD,1,3756.23,3756.96,3755.57,3756.25
1641408420,ETHUSD,1,3756.25,3757.97,3756.25,3756.49
1641408480,ETHUSD,1,3756.49,3756.49,3752.45,3754.94
1641408540,ETHUSD,1,3754.94,3756.68,3754.85,3754.87
1641408600,ETHUSD,1,3754.87,3755.54,3754.1,3755.38
1641408660,ETHUSD,1,3755.38,3755.38,3751.45,3751.45
1641408720,ETHUSD,1,3751.45,3751.66,3750.37,3751.61
1641408780,ETHUSD,1,3751.61,3753.02,3750.23,3752.54
1641408840,ETHUSD,1,3752.54,3753.98,3750.74,3750.8
1641408900,ETHUSD,1,3750.8,3751.91,3749.86,3750.0
1641408960,ETHUSD,1,3750.0,3750.52,3749.84,3750.15
1641409020,ETHUSD,1,3750.15,3750.4,3748.81,3750.02
1641409080,ETHUSD,1,3750.02,3751.9,3749.74,3750.78
1641409140,ETHUSD,1,3750.78,3750.78,3746.55,3747.65
1641409200,ETHUSD,1,3747.65,3747.71,3745.28,3746.53
1641409260,ETHUSD,1,3746.53,3747.09,3743.08,3743.29
1641409320,ETHUSD,1,3743.29,3758.61,3743.29,3752.77
1641409380,ETHUSD,1,3752.77,3754.09,3743.12,3747.2
1641409440,ETHUSD,1,3747.2,3747.2,3741.1,3741.12
1641409500,ETHUSD,1,3741.12,3742.0,3732.04,3734.4
1641409560,ETHUSD,1,3734.4,3736.78,3732.61,3733.77
1641409620,ETHUSD,1,3733.77,3738.66,3733.21,3735.0
1641409680,ETHUSD,1,3735.0,3739.2,3734.83,3737.78
1641409740,ETHUSD,1,3737.78,3738.9,3732.67,3736.27
1641409800,ETHUSD,1,3736.27,3736.27,3728.67,3728.67
1641409860,ETHUSD,1,3728.67,3729.43,3723.1,3723.52
1641409920,ETHUSD,1,3723.52,3727.15,3715.9,3718.45
1641409980,ETHUSD,1,3718.45,3718.45,3712.52,3713.24
1641410040,ETHUSD,1,3713.24,3716.05,3712.47,3712.74
1641410100,ETHUSD,1,3712.74,3712.74,3701.9,3707.7
1641410160,ETHUSD,1,3707.7,3712.83,3707.7,3710.69
1641410220,ETHUSD,1,3710.69,3713.86,3709.41,3713.86
1641410280,ETHUSD,1,3713.86,3718.38,3711.17,3711.17
1641410340,ETHUSD,1,3711.17,3711.27,3706.3,3706.39
1641410400,ETHUSD,1,3706.39,3706.39,3703.39,3705.7
1641410460,ETHUSD,1,3705.7,3706.13,3700.73,3704.74
1641410520,ETHUSD,1,3704.74,3708.81,3704.74,3706.83
1641410580,ETHUSD,1,3706.83,3712.81,3706.68,3712.81
1641410640,ETHUSD,1,3712.81,3720.82,3712.81,3717.16
1641410700,ETHUSD,1,3717.16,3717.65,3713.31,3716.0
1641410760,ETHUSD,1,3716.0,3716.67,3714.26,3716.54
1641410820,ETHUSD,1,3716.54,3727.8,3715.76,3725.31
1641410880,ETHUSD,1,3725.31,3727.74,3723.85,3723.91
1641410940,ETHUSD,1,3723.91,3724.5,3721.81,3721.99
1641411000,ETHUSD,1,3721.99,3726.49,3720.45,3725.55
1641411060,ETHUSD,1,3725.55,3725.79,3722.68,3725.54
1641411120,ETHUSD,1,3725.54,3725.54,3715.49,3715.49
1641411180,ETHUSD,1,3715.49,3715.64,3705.4,3706.2
1641411240,ETHUSD,1,3706.2,3708.01,3703.49,3703.49
1641411300,ETHUSD,1,3703.49,3707.1,3702.09,3704.17
1641411360,ETHUSD,1,3704.17,3710.07,3704.12,3709.78
1641411420,ETHUSD,1,3709.78,3710.62,3706.1,3707.54
1641411480,ETHUSD,1,3707.54,3707.54,3702.34,3702.83
1641411540,ETHUSD,1,3702.83,3703.66,3697.36,3703.1
1641411600,ETHUSD,1,3703.1,3704.73,3701.03,3704.05
1641411660,ETHUSD,1,3704.05,3704.83,3700.66,3702.85
1641411720,ETHUSD,1,3702.85,3705.84,3702.85,3704.04
1641411780,ETHUSD,1,3704.04,3704.34,3699.61,3701.2
1641411840,ETHUSD,1,3701.2,3701.45,3691.0,3691.0
1641411900,ETHUSD,1,3691.0,3691.0,3671.98,3673.65
1641411960,ETHUSD,1,3673.65,3676.5,3653.3,3676.5
1641412020,ETHUSD,1,3676.5,3688.85,3674.99,3679.48
1641412080,ETHUSD,1,3679.48,3694.18,3673.53,3673.53
1641412140,ETHUSD,1,3673.53,3681.49,3672.07,3680.14
1641412200,ETHUSD,1,3680.14,3680.14,3665.65,3665.65
1641412260,ETHUSD,1,3665.65,3668.33,3655.36,3655.36
1641412320,ETHUSD,1,3655.36,3670.79,3655.36,3660.07
1641412380,ETHUSD,1,3660.07,3663.74,3654.67,3654.71
1641412440,ETHUSD,1,3654.71,3658.26,3650.71,3658.26
1641412500,ETHUSD,1,3658.26,3660.83,3648.9,3650.24
1641412560,ETHUSD,1,3650.24,3654.96,3645.53,3653.54
1641412620,ETHUSD,1,3653.54,3655.71,3645.56,3648.92
1641412680,ETHUSD,1,3648.92,3655.44,3648.29,3653.41
1641412740,ETHUSD,1,3653.41,3653.41,3646.87,3653.1
1641412800,ETHUSD,1,3653.1,3657.72,3645.44,3651.2
1641412860,ETHUSD,1,3651.2,3662.13,3651.13,3661.99
1641412920,ETHUSD,1,3661.99,3661.99,3645.48,3646.42
1641412980,ETHUSD,1,3646.42,3653.66,3643.35,3647.16
1641413040,ETHUSD,1,3647.16,3648.28,3630.52,3633.93
1641413100,ETHUSD,1,3633.93,3635.93,3610.28,3616.61
1641413160,ETHUSD,1,3616.61,3627.15,3615.28,3624.77
1641413220,ETHUSD,1,3624.77,3627.22,3604.11,3605.37
1641413280,ETHUSD,1,3605.37,3611.04,3599.16,3607.94
1641413340,ETHUSD,1,3607.94,3628.82,3607.45,3617.02
1641413400,ETHUSD,1,3617.02,3620.2,3608.54,3614.86
1641413460,ETHUSD,1,3614.86,3621.46,3606.08,3620.44
1641413520,ETHUSD,1,3620.44,3630.37,3620.01,3627.3
1641413580,ETHUSD,1,3627.3,3639.86,3622.08,3638.7
1641413640,ETHUSD,1,3638.7,3641.88,3630.72,3631.03
1641413700,ETHUSD,1,3631.03,3645.02,3627.54,3643.97
1641413760,ETHUSD,1,3643.97,3645.06,3639.23,3639.23
1641413820,ETHUSD,1,3639.23,3640.84,3635.26,3637.53
1641413880,ETHUSD,1,3637.53,3639.01,3631.31,3635.41
1641413940,ETHUSD,1,3635.41,3635.41,3621.87,3624.2
1641414000,ETHUSD,1,3624.2,3635.13,3623.69,3631.29
1641414060,ETHUSD,1,3631.29,3632.91,3626.2,3626.81
1641414120,ETHUSD,1,3626.81,3629.24,3624.88,3627.01
1641414180,ETHUSD,1,3627.01,3638.69,3624.81,3638.69
1641414240,ETHUSD,1,3638.69,3651.59,3638.46,3649.04
1641414300,ETHUSD,1,3649.04,3649.63,3642.8,3644.47
1641414360,ETHUSD,1,3644.47,3649.05,3642.71,3647.6
1641414420,ETHUSD,1,3647.6,3647.6,3636.8,3638.77
1641414480,ETHUSD,1,3638.77,3640.5,3636.2,3636.67
1641414540,ETHUSD,1,3636.67,3636.76,3629.38,3631.71
1641414600,ETHUSD,1,3631.71,3631.98,3627.39,3631.31
1641414660,ETHUSD,1,3631.31,3632.38,3626.85,3627.89
1641414720,ETHUSD,1,3627.89,3630.0,3622.34,3622.97
1641414780,ETHUSD,1,3622.97,3629.82,3622.13,3629.14
1641414840,ETHUSD,1,3629.14,3632.19,3625.69,3631.82
1641414900,ETHUSD,1,3631.82,3632.57,3624.78,3625.83
1641414960,ETHUSD,1,3625.83,3626.93,3624.03,3625.0
1641415020,ETHUSD,1,3625.0,3625.0,3621.64,3624.48
1641415080,ETHUSD,1,3624.48,3636.57,3623.5,3636.57
1641415140,ETHUSD,1,3636.57,3637.98,3632.44,3636.5
1641415200,ETHUSD,1,3636.5,3639.15,3633.22,3637.95
1641415260,ETHUSD,1,3637.95,3639.01,3633.5,3637.03
1641415320,ETHUSD,1,3637.03,3637.18,3629.04,3629.04
1641415380,ETHUSD,1,3629.04,3629.7,3624.55,3625.27
1641415440,ETHUSD,1,3625.27,3625.27,3613.51,3614.77
1641415500,ETHUSD,1,3614.77,3617.49,3609.41,3616.18
1641415560,ETHUSD,1,3616.18,3620.96,3614.16,3620.87
1641415620,ETHUSD,1,3620.87,3620.87,3610.44,3612.06
1641415680,ETHUSD,1,3612.06,3612.06,3603.02,3606.47
1641415740,ETHUSD,1,3606.47,3608.72,3604.27,3606.02
1641415800,ETHUSD,1,3606.02,3612.34,3602.95,3607.29
1641415860,ETHUSD,1,3607.29,3607.29,3603.05,3603.08
1641415920,ETHUSD,1,3603.08,3609.2,3601.25,3608.18
1641415980,ETHUSD,1,3608.18,3609.41,3599.39,3599.39
1641416040,ETHUSD,1,3599.39,3603.55,3599.01,3599.88
1641416100,ETHUSD,1,3599.88,3601.02,3590.57,3593.8
1641416160,ETHUSD,1,3593.8,3593.8,3585.66,3586.13
1641416220,ETHUSD,1,3586.13,3587.92,3585.04,3586.61
1641416280,ETHUSD,1,3586.61,3587.9,3583.91,3583.91
1641416340,ETHUSD,1,3583.91,3596.01,3583.91,3592.65
1641416400,ETHUSD,1,3592.65,3607.96,3585.83,3607.96
1641416460,ETHUSD,1,3607.96,3612.7,3605.3,3606.68
1641416520,ETHUSD,1,3606.68,3608.48,3604.83,3607.06
1641416580,ETHUSD,1,3607.06,3610.57,3606.99,3610.17
1641416640,ETHUSD,1,3610.17,3611.57,3608.26,3610.38
1641416700,ETHUSD,1,3610.38,3618.46,3610.38,3618.46
1641416760,ETHUSD,1,3618.46,3629.24,3618.42,3629.24
1641416820,ETHUSD,1,3629.24,3631.52,3628.72,3630.7
1641416880,ETHUSD,1,3630.7,3631.71,3627.02,3627.03
1641416940,ETHUSD,1,3627.03,3628.24,3623.73,3624.23
1641417000,ETHUSD,1,3624.23,3625.53,3622.67,3622.97
1641417060,ETHUSD,1,3622.97,3622.97,3614.29,3618.02
1641417120,ETHUSD,1,3618.02,3619.69,3614.24,3617.48
1641417180,ETHUSD,1,3617.48,3624.91,3617.48,3622.08
1641417240,ETHUSD,1,3622.08,3623.85,3620.65,3621.89
1641417300,ETHUSD,1,3621.89,3622.99,3616.61,3616.61
1641417360,ETHUSD,1,3616.61,3616.61,3604.72,3606.23
1641417420,ETHUSD,1,3606.23,3606.23,3602.47,3602.47
1641417480,ETHUSD,1,3602.47,3608.92,3601.84,3606.55
1641417540,ETHUSD,1,3606.55,3606.76,3603.57,3605.59
1641417600,ETHUSD,1,3605.59,3607.26,3605.15,3607.16
1641417660,ETHUSD,1,3607.16,3615.34,3607.13,3615.34
1641417720,ETHUSD,1,3615.34,3615.34,3611.4,3611.81
1641417780,ETHUSD,1,3611.81,3611.83,3602.91,3603.41
1641417840,ETHUSD,1,3603.41,3604.1,3601.33,3602.91
1641417900,ETHUSD,1,3602.91,3603.97,3598.5,3598.5
1641417960,ETHUSD,1,3598.5,3602.18,3598.5,3598.52
1641418020,ETHUSD,1,3598.52,3599.19,3593.12,3593.12
1641418080,ETHUSD,1,3593.12,3596.53,3590.04,3590.04
1641418140,ETHUSD,1,3590.04,3595.25,3588.55,3595.25
1641418200,ETHUSD,1,3595.25,3595.74,3590.49,3591.94
1641418260,ETHUSD,1,3591.94,3592.18,3563.71,3568.44
1641418320,ETHUSD,1,3568.44,3587.56,3568.06,3579.31
1641418380,ETHUSD,1,3579.31,3580.73,3567.32,3575.02
1641418440,ETHUSD,1,3575.02,3575.17,3565.22,3565.22
1641418500,ETHUSD,1,3565.22,3568.55,3558.16,3565.45
1641418560,ETHUSD,1,3565.45,3567.41,3558.27,3563.93
1641418620,ETHUSD,1,3563.93,3566.48,3553.46,3556.89
1641418680,ETHUSD,1,3556.89,3559.62,3552.31,3559.62
1641418740,ETHUSD,1,3559.62,3560.33,3555.23,3557.39
1641418800,ETHUSD,1,3557.39,3572.61,3556.17,3572.03
1641418860,ETHUSD,1,3572.03,3572.7,3568.58,3569.01
1641418920,ETHUSD,1,3569.01,3569.47,3565.0,3565.18
1641418980,ETHUSD,1,3565.18,3565.52,3556.17,3557.59
1641419040,ETHUSD,1,3557.59,3559.95,3555.96,3558.28
1641419100,ETHUSD,1,3558.28,3569.96,3557.68,3569.67
1641419160,ETHUSD,1,3569.67,3575.74,3567.72,3572.15
1641419220,ETHUSD,1,3572.15,3574.41,3570.06,3571.18
1641419280,ETHUSD,1,3571.18,3571.74,3569.1,3571.18
1641419340,ETHUSD,1,3571.18,3573.94,3570.79,3573.94
1641419400,ETHUSD,1,3573.94,3581.76,3572.5,3581.76
1641419460,ETHUSD,1,3581.76,3582.91,3579.94,3579.99
1641419520,ETHUSD,1,3579.99,3581.4,3575.45,3581.4
1641419580,ETHUSD,1,3581.4,3581.4,3577.13,3577.13
1641419640,ETHUSD,1,3577.13,3577.88,3571.53,3572.93
1641419700,ETHUSD,1,3572.93,3572.93,3565.28,3567.38
1641419760,ETHUSD,1,3567.38,3567.42,3559.82,3560.05
1641419820,ETHUSD,1,3560.05,3564.72,3560.04,3564.38
1641419880,ETHUSD,1,3564.38,3564.92,3559.01,3560.57
1641419940,ETHUSD,1,3560.57,3560.6,3554.88,3554.88
1641420000,ETHUSD,1,3554.88,3566.1,3554.46,3564.53
1641420060,ETHUSD,1,3564.53,3568.2,3560.03,3560.33
1641420120,ETHUSD,1,3560.33,3560.33,3554.27,3554.9
1641420180,ETHUSD,1,3554.9,3557.86,3548.66,3555.02
1641420240,ETHUSD,1,3555.02,3561.66,3555.02,3559.02
1641420300,ETHUSD,1,3559.02,3562.51,3555.38,3558.58
1641420360,ETHUSD,1,3558.58,3560.51,3555.14,3560.03
1641420420,ETHUSD,1,3560.03,3562.4,3559.72,3561.35
1641420480,ETHUSD,1,3561.35,3568.09,3561.08,3567.92
1641420540,ETHUSD,1,3567.92,3568.66,3562.39,3564.02
1641420600,ETHUSD,1,3564.02,3564.64,3558.54,3559.06
1641420660,ETHUSD,1,3559.06,3559.8,3531.95,3531.95
1641420720,ETHUSD,1,3531.95,3531.95,3517.69,3525.72
1641420780,ETHUSD,1,3525.72,3531.14,3518.53,3523.13
1641420840,ETHUSD,1,3523.13,3523.21,3516.93,3519.32
1641420900,ETHUSD,1,3519.32,3531.87,3515.19,3531.87
1641420960,ETHUSD,1,3531.87,3531.87,3522.27,3522.82
1641421020,ETHUSD,1,3522.82,3523.13,3520.16,3521.29
1641421080,ETHUSD,1,3521.29,3522.82,3514.35,3517.45
1641421140,ETHUSD,1,3517.45,3518.46,3507.29,3508.03
1641421200,ETHUSD,1,3508.03,3513.79,3505.45,3512.77
1641421260,ETHUSD,1,3512.77,3520.73,3512.77,3519.93
1641421320,ETHUSD,1,3519.93,3519.93,3504.68,3506.5
1641421380,ETHUSD,1,3506.5,3508.05,3502.91,3506.77
1641421440,ETHUSD,1,3506.77,3510.94,3501.72,3502.92
1641421500,ETHUSD,1,3502.92,3503.44,3500.42,3501.13
1641421560,ETHUSD,1,3501.13,3502.56,3500.21,3501.55
1641421620,ETHUSD,1,3501.55,3501.66,3499.96,3499.98
1641421680,ETHUSD,1,3499.98,3499.98,3452.76,3459.71
1641421740,ETHUSD,1,3459.71,3473.0,3458.79,3471.11
1641421800,ETHUSD,1,3471.11,3483.9,3464.88,3483.21
1641421860,ETHUSD,1,3483.21,3486.54,3477.78,3477.78
1641421920,ETHUSD,1,3477.78,3477.78,3413.96,3415.17
1641421980,ETHUSD,1,3415.17,3447.8,3415.17,3440.68
1641422040,ETHUSD,1,3440.68,3440.68,3426.09,3427.09
1641422100,ETHUSD,1,3427.09,3454.3,3426.72,3454.3
1641422160,ETHUSD,1,3454.3,3498.15,3454.3,3498.15
1641422220,ETHUSD,1,3498.15,3503.86,3482.5,3484.51
1641422280,ETHUSD,1,3484.51,3509.32,3484.38,3509.32
1641422340,ETHUSD,1,3509.32,3521.73,3508.64,3521.73
1641422400,ETHUSD,1,3521.73,3526.97,3521.73,3525.66
1641422460,ETHUSD,1,3525.66,3525.66,3515.26,3521.35
1641422520,ETHUSD,1,3521.35,3523.44,3520.67,3521.0
1641422580,ETHUSD,1,3521.0,3531.78,3521.0,3527.18
1641422640,ETHUSD,1,3527.18,3536.19,3526.46,3533.99
1641422700,ETHUSD,1,3533.99,3547.26,3533.99,3541.81
1641422760,ETHUSD,1,3541.81,3541.95,3533.58,3541.16
1641422820,ETHUSD,1,3541.16,3542.99,3537.8,3538.18
1641422880,ETHUSD,1,3538.18,3542.98,3538.18,3539.05
1641422940,ETHUSD,1,3539.05,3539.05,3524.98,3529.05
1641423000,ETHUSD,1,3529.05,3533.25,3524.63,3527.05
1641423060,ETHUSD,1,3527.05,3534.97,3525.98,3534.71
1641423120,ETHUSD,1,3534.71,3537.99,3532.43,3534.32
1641423180,ETHUSD,1,3534.32,3538.26,3534.19,3534.39
1641423240,ETHUSD,1,3534.39,3534.54,3526.55,3526.55
1641423300,ETHUSD,1,3526.55,3526.55,3516.89,3524.47
1641423360,ETHUSD,1,3524.47,3524.47,3511.32,3517.71
1641423420,ETHUSD,1,3517.71,3521.35,3516.76,3520.0
1641423480,ETHUSD,1,3520.0,3530.61,3518.46,3530.28
1641423540,ETHUSD,1,3530.28,3534.54,3529.9,3533.0
1641423600,ETHUSD,1,3533.0,3536.17,3527.29,3536.08
1641423660,ETHUSD,1,3536.08,3536.08,3531.37,3533.62
1641423720,ETHUSD,1,3533.62,3533.62,3526.56,3531.59
1641423780,ETHUSD,1,3531.59,3534.62,3522.14,3522.84
1641423840,ETHUSD,1,3522.84,3527.95,3514.5,3518.81
1641423900,ETHUSD,1,3518.81,3522.79,3511.96,3515.67
1641423960,ETHUSD,1,3515.67,3516.31,3509.65,3509.65
1641424020,ETHUSD,1,3509.65,3513.14,3508.79,3511.73
1641424080,ETHUSD,1,3511.73,3514.41,3510.92,3513.43
1641424140,ETHUSD,1,3513.43,3514.41,3504.57,3507.04
1641424200,ETHUSD,1,3507.04,3520.62,3506.8,3517.98
1641424260,ETHUSD,1,3517.98,3523.38,3517.98,3522.83
1641424320,ETHUSD,1,3522.83,3532.11,3522.83,3531.45
1641424380,ETHUSD,1,3531.45,3536.09,3531.45,3535.6
1641424440,ETHUSD,1,3535.6,3540.71,3535.45,3539.59
1641424500,ETHUSD,1,3539.59,3541.26,3532.28,3534.89
1641424560,ETHUSD,1,3534.89,3538.84,3531.39,3538.74
1641424620,ETHUSD,1,3538.74,3540.95,3538.32,3540.95
1641424680,ETHUSD,1,3540.95,3547.52,3540.1,3546.02
1641424740,ETHUSD,1,3546.02,3549.39,3545.79,3546.63
1641424800,ETHUSD,1,3546.63,3557.57,3544.08,3557.16
1641424860,ETHUSD,1,3557.16,3558.26,3550.99,3550.99
1641424920,ETHUSD,1,3550.99,3557.65,3550.6,3555.38
1641424980,ETHUSD,1,3555.38,3556.08,3551.79,3553.96
1641425040,ETHUSD,1,3553.96,3555.61,3548.51,3553.47
1641425100,ETHUSD,1,3553.47,3554.39,3551.47,3552.06
1641425160,ETHUSD,1,3552.06,3558.97,3550.91,3558.44
1641425220,ETHUSD,1,3558.44,3560.59,3556.82,3560.28
1641425280,ETHUSD,1,3560.28,3563.78,3556.64,3558.08
1641425340,ETHUSD,1,3558.08,3559.37,3549.54,3550.94
1641425400,ETHUSD,1,3550.94,3552.49,3544.07,3548.09
1641425460,ETHUSD,1,3548.09,3549.1,3544.87,3549.05
1641425520,ETHUSD,1,3549.05,3549.26,3543.82,3544.1
1641425580,ETHUSD,1,3544.1,3547.63,3543.97,3547.57
1641425640,ETHUSD,1,3547.57,3547.57,3539.71,3542.03
1641425700,ETHUSD,1,3542.03,3542.39,3539.54,3541.2
1641425760,ETHUSD,1,3541.2,3541.24,3536.89,3540.25
1641425820,ETHUSD,1,3540.25,3540.25,3536.89,3538.91
1641425880,ETHUSD,1,3538.91,3540.95,3536.39,3538.03
1641425940,ETHUSD,1,3538.03,3544.34,3537.46,3544.34
1641426000,ETHUSD,1,3544.34,3546.63,3543.73,3546.07
1641426060,ETHUSD,1,3546.07,3550.06,3546.06,3549.09
1641426120,ETHUSD,1,3549.09,3549.09,3545.95,3545.95
1641426180,ETHUSD,1,3545.95,3551.72,3545.95,3551.72
1641426240,ETHUSD,1,3551.72,3553.28,3550.42,3553.28
1641426300,ETHUSD,1,3553.28,3554.08,3550.02,3551.64
1641426360,ETHUSD,1,3551.64,3554.52,3549.9,3553.94
1641426420,ETHUSD,1,3553.94,3556.57,3553.33,3555.65
1641426480,ETHUSD,1,3555.65,3558.13,3555.65,3557.74
1641426540,ETHUSD,1,3557.74,3557.74,3554.09,3555.17
1641426600,ETHUSD,1,3555.17,3555.17,3549.34,3550.29
1641426660,ETHUSD,1,3550.29,3550.81,3547.39,3547.4
1641426720,ETHUSD,1,3547.4,3550.28,3546.9,3547.39
1641426780,ETHUSD,1,3547.39,3548.12,3544.66,3546.11
1641426840,ETHUSD,1,3546.11,3551.47,3546.11,3550.66
1641426900,ETHUSD,1,3550.66,3551.37,3546.89,3547.16
1641426960,ETHUSD,1,3547.16,3548.83,3545.82,3548.83
1641427020,ETHUSD,1,3548.83,3549.25,3546.02,3546.02
1641427080,ETHUSD,1,3546.02,3546.02,3538.84,3538.84
1641427140,ETHUSD,1,3538.84,3540.09,3535.0,3538.19
